t,truth_x,truth_y,truth_yaw,est_x,est_y,est_yaw
0.0,-8.0997,2.2925,-1.7117,0.0,0.0,0.0239
0.05,-8.0997,2.2925,-1.7093,0.0001,0.0,0.033
0.101,-8.1,2.2899,-1.6752,0.0011,0.0001,0.0574
0.151,-8.1004,2.2856,-1.65,0.0059,0.0006,0.0953
0.201,-8.1009,2.2801,-1.6247,0.0099,0.001,0.1152
0.251,-8.1013,2.2716,-1.5867,0.0183,0.0022,0.1516
0.301,-8.1013,2.2659,-1.5609,0.0241,0.0031,0.1756
0.352,-8.101,2.2572,-1.5217,0.033,0.0048,0.2131
0.402,-8.1006,2.2513,-1.4952,0.0388,0.0061,0.2378
0.452,-8.1,2.2452,-1.4685,0.0481,0.0085,0.278
0.502,-8.0988,2.2357,-1.4278,0.0542,0.0103,0.3053
0.553,-8.0977,2.2293,-1.4003,0.0633,0.0133,0.3467
0.603,-8.0965,2.2228,-1.3727,0.0681,0.015,0.3684
0.653,-8.0944,2.2131,-1.3315,0.0765,0.0184,0.4078
0.703,-8.0928,2.2067,-1.3041,0.0819,0.0208,0.4333
0.753,-8.09,2.1971,-1.2632,0.0901,0.0247,0.4724
0.804,-8.088,2.1907,-1.236,0.0958,0.0277,0.4996
0.854,-8.0859,2.1844,-1.209,0.1037,0.0321,0.5383
0.904,-8.0825,2.1751,-1.1687,0.1091,0.0354,0.5652
0.954,-8.0802,2.1688,-1.1422,0.1171,0.0406,0.6052
1.004,-8.0765,2.1596,-1.1029,0.1223,0.0443,0.6313
1.055,-8.0739,2.1535,-1.0773,0.1285,0.0489,0.6626
1.105,-8.0712,2.1475,-1.0521,0.1335,0.0528,0.6878
1.155,-8.0669,2.1387,-1.0148,0.1404,0.0586,0.7234
1.205,-8.0638,2.133,-0.9902,0.1471,0.0647,0.7586
1.256,-8.059,2.1248,-0.9536,0.1513,0.0687,0.7814
1.306,-8.0556,2.1195,-0.9294,0.158,0.0755,0.8178
1.356,-8.052,2.1145,-0.9053,0.1623,0.0802,0.8419
1.406,-8.0465,2.1073,-0.8695,0.1685,0.0873,0.8778
1.456,-8.0425,2.1027,-0.8455,0.1717,0.0912,0.8969
1.507,-8.0383,2.0981,-0.8209,0.1777,0.0991,0.9325
1.557,-8.0315,2.091,-0.7831,0.1816,0.1046,0.956
1.607,-8.0265,2.0861,-0.7579,0.1878,0.1138,0.9921
1.657,-8.0179,2.0783,-0.7202,0.1919,0.1203,1.0155
1.707,-8.0117,2.073,-0.695,0.1986,0.1318,1.0534
1.758,-8.005,2.0675,-0.6699,0.2031,0.1401,1.0786
1.808,-7.994,2.059,-0.6322,0.2098,0.1533,1.1164
1.858,-7.9862,2.0533,-0.607,0.2133,0.1606,1.1363
1.908,-7.9733,2.0445,-0.5693,0.2196,0.175,1.1724
1.959,-7.9642,2.0385,-0.5441,0.2235,0.1848,1.1958
2.009,-7.9544,2.0322,-0.5188,0.2295,0.201,1.232
2.059,-7.9388,2.0226,-0.4809,0.2335,0.2128,1.2573
2.109,-7.9279,2.0165,-0.4557,0.2389,0.2306,1.2935
2.159,-7.9103,2.0073,-0.4179,0.2424,0.2436,1.3188
2.21,-7.8979,2.0014,-0.3929,0.2473,0.2643,1.3562
2.26,-7.8848,1.9957,-0.3685,0.2502,0.2787,1.3803
2.31,-7.8641,1.9876,-0.3336,0.2535,0.2967,1.4087
2.36,-7.8496,1.9826,-0.3115,0.2558,0.3121,1.4306
2.411,-7.8265,1.9754,-0.2809,0.2587,0.3349,1.4597
2.461,-7.8106,1.9709,-0.2623,0.2603,0.3502,1.4774
2.511,-7.7943,1.9666,-0.2455,0.2622,0.3744,1.5012
2.561,-7.7692,1.9605,-0.2231,0.2633,0.3917,1.5162
2.611,-7.7522,1.9567,-0.21,0.2645,0.4182,1.5357
2.662,-7.7349,1.9531,-0.1984,0.2651,0.4362,1.547
2.712,-7.7085,1.9481,-0.1825,0.2655,0.4597,1.5606
2.762,-7.6906,1.9448,-0.1728,0.2656,0.4768,1.5698
2.812,-7.6633,1.9402,-0.1597,0.2655,0.5035,1.5823
2.863,-7.6448,1.9373,-0.1517,0.2653,0.521,1.59
2.913,-7.6262,1.9346,-0.1443,0.2646,0.5483,1.6005
2.963,-7.5979,1.9306,-0.1341,0.264,0.5675,1.6074
3.013,-7.5789,1.9281,-0.1278,0.2629,0.5965,1.6168
3.063,-7.55,1.9245,-0.1189,0.2619,0.616,1.6229
3.114,-7.5304,1.9222,-0.113,0.2605,0.6412,1.6306
3.164,-7.5108,1.92,-0.1076,0.2594,0.6596,1.6357
3.214,-7.4811,1.9169,-0.1002,0.2575,0.6879,1.6428
3.264,-7.4612,1.915,-0.0957,0.256,0.7078,1.6474
3.314,-7.4312,1.9122,-0.0898,0.2538,0.7364,1.6532
3.365,-7.411,1.9104,-0.0863,0.2522,0.7551,1.6566
3.415,-7.3908,1.9087,-0.0831,0.2496,0.7854,1.6614
3.465,-7.3604,1.9062,-0.0789,0.2468,0.8157,1.6656
3.515,-7.34,1.9046,-0.0765,0.2448,0.8361,1.668
3.565,-7.3093,1.9023,-0.0734,0.2433,0.8521,1.6697
3.615,-7.2888,1.9008,-0.0714,0.2404,0.8812,1.6725
3.666,-7.2683,1.8994,-0.0698,0.2374,0.9104,1.6749
3.716,-7.2375,1.8973,-0.0675,0.2354,0.9294,1.6764
3.766,-7.217,1.8959,-0.066,0.2323,0.9587,1.6786
3.816,-7.1964,1.8945,-0.0647,0.23,0.9792,1.68
3.867,-7.1655,1.8926,-0.0628,0.2278,0.9998,1.6814
3.917,-7.1449,1.8913,-0.0616,0.2243,1.0306,1.6832
3.967,-7.1139,1.8894,-0.0601,0.2213,1.0572,1.6846
4.017,-7.0932,1.8882,-0.0591,0.2192,1.0763,1.6856
4.067,-7.0725,1.8869,-0.0583,0.2157,1.1058,1.6869
4.118,-7.0414,1.8851,-0.0571,0.2135,1.1249,1.6877
4.168,-7.0206,1.884,-0.0563,0.2111,1.1456,1.6886
4.218,-6.9895,1.8822,-0.0551,0.2076,1.1751,1.6898
4.268,-6.9686,1.8811,-0.0544,0.2039,1.2062,1.6909
4.318,-6.9478,1.88,-0.0538,0.2014,1.2269,1.6916
4.369,-6.9166,1.8783,-0.0529,0.1981,1.2536,1.6924
4.419,-6.8957,1.8772,-0.0524,0.1958,1.2728,1.693
4.469,-6.8644,1.8756,-0.0517,0.1921,1.3024,1.6938
4.519,-6.8435,1.8745,-0.0513,0.1896,1.3232,1.6943
4.57,-6.8226,1.8734,-0.051,0.1859,1.3528,1.6949
4.62,-6.7913,1.8718,-0.0505,0.1835,1.3721,1.6952
4.67,-6.7704,1.8708,-0.0503,0.1796,1.4032,1.6958
4.72,-6.739,1.8692,-0.0499,0.177,1.424,1.6961
4.77,-6.7181,1.8681,-0.0497,0.1731,1.4552,1.6965
4.821,-6.6971,1.8671,-0.0495,0.171,1.4715,1.6967
4.871,-6.6658,1.8656,-0.0492,0.1672,1.5012,1.6971
4.921,-6.6448,1.8645,-0.049,0.1648,1.5205,1.6973
4.971,-6.6239,1.8635,-0.0489,0.161,1.5502,1.6977
5.022,-6.5925,1.862,-0.0487,0.1585,1.5695,1.6979
5.072,-6.5716,1.861,-0.0485,0.1546,1.6007,1.6982
5.122,-6.5402,1.8594,-0.0483,0.1519,1.6215,1.6984
5.172,-6.5192,1.8584,-0.0482,0.1479,1.6527,1.6988
5.222,-6.4983,1.8574,-0.0481,0.1458,1.669,1.6989
5.273,-6.4669,1.8559,-0.0479,0.142,1.6988,1.6992
5.323,-6.4459,1.8549,-0.0478,0.1395,1.7181,1.6994
5.373,-6.4145,1.8534,-0.0477,0.1356,1.7478,1.6996
5.423,-6.3935,1.8524,-0.0476,0.1329,1.7686,1.6997
5.473,-6.3726,1.8514,-0.0475,0.1291,1.7983,1.7
5.523,-6.3411,1.8499,-0.0474,0.1264,1.8191,1.7001
5.574,-6.3202,1.8489,-0.0474,0.1223,1.8503,1.7003
5.624,-6.2887,1.8474,-0.0473,0.1196,1.8712,1.7004
5.674,-6.2678,1.8464,-0.0472,0.1163,1.8964,1.7006
5.724,-6.2468,1.8454,-0.0472,0.1136,1.9173,1.7008
5.775,-6.2153,1.8439,-0.0472,0.1097,1.947,1.7009
5.825,-6.1944,1.843,-0.0471,0.1072,1.9663,1.701
5.875,-6.1629,1.8415,-0.0471,0.1033,1.996,1.7012
5.925,-6.1419,1.8405,-0.047,0.0992,2.0273,1.7013
5.975,-6.121,1.8395,-0.047,0.0964,2.0481,1.7014
6.026,-6.0895,1.838,-0.047,0.0937,2.0689,1.7015
6.076,-6.0685,1.837,-0.047,0.0902,2.0957,1.7016
6.126,-6.0476,1.836,-0.0469,0.0863,2.1254,1.7018
6.176,-6.0161,1.8346,-0.0469,0.0837,2.1447,1.7018
6.226,-5.9951,1.8336,-0.0469,0.0798,2.1745,1.702
6.277,-5.9637,1.8321,-0.0469,0.0773,2.1938,1.7021
6.327,-5.9427,1.8311,-0.0469,0.0731,2.225,1.7022
6.377,-5.9217,1.8301,-0.0468,0.0704,2.2458,1.7023
6.427,-5.8903,1.8287,-0.0468,0.0663,2.277,1.7024
6.477,-5.8693,1.8277,-0.0468,0.0641,2.2934,1.7025
6.528,-5.8483,1.8267,-0.0468,0.0615,2.3127,1.7025
6.578,-5.8169,1.8252,-0.0468,0.0576,2.3425,1.7027
6.628,-5.7959,1.8242,-0.0468,0.0548,2.3633,1.7028
6.678,-5.7644,1.8228,-0.0468,0.0509,2.393,1.7029
6.728,-5.7435,1.8218,-0.0468,0.0469,2.4228,1.7031
6.779,-5.7225,1.8208,-0.0468,0.0441,2.4436,1.7032
6.829,-5.691,1.8193,-0.0467,0.04,2.4748,1.7033
6.879,-5.67,1.8184,-0.0467,0.0372,2.4956,1.7034
6.929,-5.6386,1.8169,-0.0467,0.035,2.512,1.7034
6.979,-5.6176,1.8159,-0.0467,0.0311,2.5417,1.7036
7.03,-5.5966,1.8149,-0.0467,0.0271,2.5714,1.7036
7.08,-5.5652,1.8135,-0.0467,0.0245,2.5908,1.7037
7.13,-5.5442,1.8125,-0.0467,0.0205,2.6205,1.7038
7.18,-5.5232,1.8115,-0.0467,0.0177,2.6413,1.7039
7.23,-5.4918,1.81,-0.0467,0.015,2.6621,1.704
7.281,-5.4708,1.809,-0.0467,0.0108,2.6933,1.7041
7.331,-5.4393,1.8076,-0.0467,0.0072,2.7201,1.7042
7.381,-5.4183,1.8066,-0.0467,0.0046,2.7394,1.7043
7.431,-5.3974,1.8056,-0.0467,0.0006,2.7692,1.7044
7.481,-5.3659,1.8041,-0.0467,-0.002,2.7885,1.7045
7.532,-5.3449,1.8032,-0.0467,-0.006,2.8182,1.7046
7.582,-5.3135,1.8017,-0.0467,-0.0088,2.839,1.7047
7.632,-5.2925,1.8007,-0.0467,-0.013,2.8702,1.7048
7.682,-5.2715,1.7997,-0.0467,-0.0158,2.8911,1.7049
7.733,-5.24,1.7983,-0.0467,-0.0194,2.9178,1.705
7.783,-5.2191,1.7973,-0.0467,-0.022,2.9371,1.705
7.833,-5.1876,1.7958,-0.0467,-0.026,2.9669,1.7052
7.883,-5.1666,1.7948,-0.0467,-0.0289,2.9877,1.7052
7.933,-5.1456,1.7939,-0.0467,-0.0329,3.0174,1.7053
7.984,-5.1142,1.7924,-0.0467,-0.0355,3.0367,1.7054
8.034,-5.0932,1.7914,-0.0467,-0.0397,3.0679,1.7055
8.084,-5.0617,1.7899,-0.0467,-0.0425,3.0888,1.7056
8.134,-5.0408,1.789,-0.0467,-0.0468,3.12,1.7057
8.185,-5.0198,1.788,-0.0467,-0.049,3.1363,1.7057
8.235,-4.9883,1.7865,-0.0467,-0.053,3.166,1.7059
8.285,-4.9673,1.7855,-0.0467,-0.0557,3.1854,1.7059
8.335,-4.9359,1.7841,-0.0467,-0.0597,3.2151,1.7061
8.385,-4.9149,1.7831,-0.0467,-0.0623,3.2344,1.7062
8.436,-4.8939,1.7821,-0.0467,-0.0666,3.2656,1.7064
8.486,-4.8624,1.7806,-0.0467,-0.0694,3.2864,1.7064
8.536,-4.8415,1.7796,-0.0467,-0.0737,3.3176,1.7066
8.586,-4.8205,1.7787,-0.0467,-0.0759,3.334,1.7066
8.637,-4.789,1.7772,-0.0467,-0.08,3.3637,1.7067
8.687,-4.768,1.7762,-0.0467,-0.0826,3.383,1.7068
8.737,-4.7366,1.7747,-0.0467,-0.0867,3.4128,1.7068
8.787,-4.7156,1.7738,-0.0467,-0.0895,3.4336,1.7069
8.837,-4.6946,1.7728,-0.0467,-0.0936,3.4633,1.7071
8.888,-4.6632,1.7713,-0.0467,-0.0965,3.4841,1.7071
8.938,-4.6422,1.7703,-0.0467,-0.1008,3.5153,1.7073
8.988,-4.6107,1.7689,-0.0467,-0.1044,3.5421,1.7074
9.038,-4.5897,1.7679,-0.0467,-0.1071,3.5614,1.7075
9.088,-4.5688,1.7669,-0.0467,-0.11,3.5822,1.7076
9.139,-4.5373,1.7654,-0.0467,-0.114,3.6119,1.7077
9.189,-4.5163,1.7645,-0.0467,-0.1181,3.6416,1.7078
9.239,-4.4849,1.763,-0.0467,-0.1208,3.6609,1.7079
9.289,-4.4639,1.762,-0.0467,-0.1251,3.6921,1.7081
9.339,-4.4429,1.761,-0.0467,-0.128,3.7129,1.7081
9.389,-4.4114,1.7596,-0.0467,-0.1323,3.7441,1.7083
9.44,-4.3905,1.7586,-0.0467,-0.1346,3.7605,1.7083
9.49,-4.3695,1.7576,-0.0467,-0.1387,3.7902,1.7085
9.54,-4.338,1.7561,-0.0467,-0.1414,3.8095,1.7085
9.59,-4.317,1.7552,-0.0467,-0.1455,3.8392,1.7086
9.64,-4.2856,1.7537,-0.0467,-0.1482,3.8585,1.7087
9.691,-4.2646,1.7527,-0.0467,-0.1525,3.8897,1.7088
9.741,-4.2436,1.7517,-0.0467,-0.1554,3.9105,1.7089
9.791,-4.2122,1.7503,-0.0467,-0.1597,3.9417,1.709
9.841,-4.1912,1.7493,-0.0467,-0.162,3.9581,1.7091
9.891,-4.1597,1.7478,-0.0467,-0.1661,3.9878,1.7092
9.942,-4.1387,1.7468,-0.0467,-0.1688,4.0071,1.7093
9.992,-4.1178,1.7458,-0.0467,-0.173,4.0368,1.7094
10.042,-4.0863,1.7444,-0.0467,-0.1759,4.0576,1.7095
10.092,-4.0653,1.7434,-0.0467,-0.18,4.0873,1.7096
10.142,-4.0339,1.7419,-0.0467,-0.1829,4.1081,1.7097
10.193,-4.0129,1.7409,-0.0467,-0.1873,4.1393,1.7098
10.243,-3.9919,1.74,-0.0467,-0.1902,4.1601,1.7098
10.293,-3.9604,1.7385,-0.0467,-0.1937,4.1854,1.7099
10.343,-3.9395,1.7375,-0.0467,-0.1966,4.2062,1.71
10.394,-3.908,1.7361,-0.0467,-0.2008,4.2359,1.7102
10.444,-3.887,1.7351,-0.0467,-0.2035,4.2552,1.7103
10.494,-3.866,1.7341,-0.0467,-0.2077,4.2849,1.7104
10.544,-3.8346,1.7326,-0.0467,-0.2106,4.3057,1.7105
10.594,-3.8136,1.7316,-0.0467,-0.215,4.3369,1.7106
10.645,-3.7926,1.7307,-0.0467,-0.2179,4.3577,1.7107
10.695,-3.7611,1.7292,-0.0467,-0.2217,4.3844,1.7108
10.745,-3.7402,1.7282,-0.0467,-0.2244,4.4037,1.7109
10.795,-3.7087,1.7267,-0.0467,-0.2286,4.4334,1.711
10.845,-3.6877,1.7258,-0.0467,-0.2313,4.4528,1.711
10.896,-3.6668,1.7248,-0.0467,-0.2355,4.4825,1.7112
10.946,-3.6353,1.7233,-0.0467,-0.2385,4.5032,1.7113
10.996,-3.6143,1.7223,-0.0467,-0.2429,4.5344,1.7114
11.046,-3.5828,1.7209,-0.0467,-0.2458,4.5552,1.7114
11.096,-3.5619,1.7199,-0.0467,-0.2496,4.582,1.7115
11.147,-3.5409,1.7189,-0.0467,-0.2523,4.6013,1.7116
11.197,-3.5094,1.7174,-0.0467,-0.2565,4.631,1.7117
11.247,-3.4884,1.7165,-0.0467,-0.2595,4.6518,1.7118
11.297,-3.457,1.715,-0.0467,-0.2637,4.6815,1.7118
11.347,-3.436,1.714,-0.0467,-0.2664,4.7008,1.7119
11.398,-3.415,1.713,-0.0467,-0.2709,4.732,1.7121
11.448,-3.3836,1.7116,-0.0467,-0.2753,4.7631,1.7122
11.498,-3.3626,1.7106,-0.0467,-0.2783,4.7839,1.7122
11.548,-3.3311,1.7091,-0.0467,-0.2806,4.8003,1.7123
11.599,-3.3101,1.7081,-0.0467,-0.2848,4.83,1.7124
11.649,-3.2892,1.7072,-0.0467,-0.2891,4.8597,1.7126
11.699,-3.2577,1.7057,-0.0467,-0.2918,4.879,1.7126
11.749,-3.2367,1.7047,-0.0467,-0.2961,4.9087,1.7127
11.799,-3.2157,1.7037,-0.0467,-0.299,4.9295,1.7128
11.85,-3.1843,1.7023,-0.0467,-0.302,4.9503,1.7129
11.9,-3.1633,1.7013,-0.0467,-0.3065,4.9814,1.713
11.95,-3.1318,1.6998,-0.0467,-0.3103,5.0082,1.7131
12.0,-3.1109,1.6988,-0.0467,-0.3131,5.0275,1.7132
12.051,-3.0899,1.6978,-0.0467,-0.3173,5.0572,1.7133
12.101,-3.0584,1.6964,-0.0467,-0.3201,5.0765,1.7134
12.151,-3.0374,1.6954,-0.0467,-0.3244,5.1062,1.7135
12.201,-3.006,1.6939,-0.0467,-0.3274,5.1269,1.7136
12.251,-2.985,1.6929,-0.0467,-0.3318,5.1581,1.7138
12.302,-2.964,1.692,-0.0467,-0.3348,5.1789,1.7138
12.352,-2.9326,1.6905,-0.0467,-0.3387,5.2056,1.7139
12.402,-2.9116,1.6895,-0.0467,-0.3415,5.2249,1.714
12.452,-2.8801,1.688,-0.0467,-0.3457,5.2546,1.7142
12.502,-2.8591,1.6871,-0.0467,-0.3487,5.2754,1.7143
12.553,-2.8382,1.6861,-0.0467,-0.353,5.3051,1.7144
12.603,-2.8067,1.6846,-0.0467,-0.3558,5.3244,1.7144
12.653,-2.7857,1.6836,-0.0467,-0.3603,5.3556,1.7146
12.703,-2.7542,1.6822,-0.0467,-0.3634,5.3764,1.7146
12.753,-2.7333,1.6812,-0.0467,-0.3679,5.4075,1.7148
12.804,-2.7123,1.6802,-0.0467,-0.3702,5.4239,1.7149
12.854,-2.6808,1.6787,-0.0467,-0.3745,5.4536,1.7149
12.904,-2.6598,1.6778,-0.0467,-0.3773,5.4729,1.715
12.954,-2.6389,1.6768,-0.0467,-0.3817,5.5025,1.7151
13.005,-2.6074,1.6753,-0.0467,-0.3845,5.5218,1.7152
13.055,-2.5864,1.6743,-0.0467,-0.389,5.553,1.7153
13.105,-2.555,1.6729,-0.0467,-0.392,5.5738,1.7154
13.155,-2.534,1.6719,-0.0467,-0.3966,5.605,1.7156
13.205,-2.513,1.6709,-0.0467,-0.3989,5.6213,1.7156
13.256,-2.4815,1.6694,-0.0467,-0.4033,5.651,1.7157
13.306,-2.4606,1.6685,-0.0467,-0.4061,5.6703,1.7158
13.356,-2.4291,1.667,-0.0467,-0.4104,5.7,1.7159
13.406,-2.4081,1.666,-0.0467,-0.4135,5.7207,1.716
13.456,-2.3871,1.665,-0.0467,-0.4178,5.7504,1.7161
13.507,-2.3557,1.6636,-0.0467,-0.4209,5.7712,1.7162
13.557,-2.3347,1.6626,-0.0467,-0.4254,5.8024,1.7162
13.607,-2.3032,1.6611,-0.0467,-0.4293,5.8291,1.7163
13.657,-2.2823,1.6601,-0.0467,-0.4322,5.8484,1.7164
13.707,-2.2613,1.6592,-0.0467,-0.4352,5.8692,1.7165
13.758,-2.2298,1.6577,-0.0467,-0.4396,5.8988,1.7166
13.808,-2.2088,1.6567,-0.0467,-0.4424,5.9181,1.7167
13.858,-2.1774,1.6552,-0.0467,-0.4468,5.9478,1.7168
13.908,-2.1564,1.6543,-0.0467,-0.4513,5.979,1.7169
13.958,-2.1354,1.6533,-0.0467,-0.4544,5.9997,1.717
14.008,-2.104,1.6518,-0.0467,-0.4575,6.0205,1.7171
14.059,-2.083,1.6508,-0.0467,-0.4614,6.0472,1.7172
14.109,-2.062,1.6498,-0.0467,-0.4658,6.0769,1.7173
14.159,-2.0305,1.6484,-0.0467,-0.4686,6.0962,1.7174
14.209,-2.0096,1.6474,-0.0467,-0.473,6.1259,1.7175
14.259,-1.9781,1.6459,-0.0467,-0.4759,6.1452,1.7176
14.31,-1.9571,1.6449,-0.0467,-0.4805,6.1763,1.7177
14.36,-1.9361,1.644,-0.0467,-0.4835,6.1971,1.7178
14.41,-1.9047,1.6425,-0.0467,-0.4882,6.2283,1.7179
14.46,-1.8837,1.6415,-0.0467,-0.4906,6.2446,1.718
14.51,-1.8522,1.64,-0.0467,-0.495,6.2743,1.7181
14.561,-1.8313,1.6391,-0.0467,-0.4978,6.2936,1.7182
14.611,-1.8103,1.6381,-0.0467,-0.5023,6.3232,1.7184
14.661,-1.7788,1.6366,-0.0467,-0.5053,6.344,1.7184
14.711,-1.7578,1.6356,-0.0467,-0.5098,6.3737,1.7186
14.761,-1.7264,1.6342,-0.0467,-0.5129,6.3944,1.7186
14.812,-1.7054,1.6332,-0.0467,-0.5175,6.4256,1.7188
14.862,-1.6844,1.6322,-0.0467,-0.5206,6.4464,1.7188
14.912,-1.6529,1.6307,-0.0467,-0.5244,6.4716,1.7189
14.962,-1.632,1.6298,-0.0467,-0.5275,6.4924,1.719
15.012,-1.611,1.6288,-0.0467,-0.5319,6.522,1.7191
15.063,-1.5795,1.6273,-0.0467,-0.5348,6.5413,1.7192
15.113,-1.5585,1.6263,-0.0467,-0.5392,6.571,1.7193
15.163,-1.5271,1.6249,-0.0467,-0.5423,6.5918,1.7194
15.213,-1.5061,1.6239,-0.0467,-0.547,6.6229,1.7195
15.263,-1.4851,1.6229,-0.0467,-0.5501,6.6437,1.7196
15.313,-1.4537,1.6214,-0.0467,-0.5541,6.6704,1.7197
15.364,-1.4327,1.6205,-0.0467,-0.557,6.6897,1.7198
15.414,-1.4012,1.619,-0.0467,-0.5614,6.7193,1.72
15.464,-1.3802,1.618,-0.0467,-0.5643,6.7386,1.72
15.514,-1.3593,1.617,-0.0467,-0.5688,6.7683,1.7202
15.564,-1.3278,1.6156,-0.0467,-0.5719,6.789,1.7203
15.615,-1.3068,1.6146,-0.0467,-0.5766,6.8202,1.7204
15.665,-1.2754,1.6131,-0.0467,-0.5798,6.841,1.7205
15.715,-1.2544,1.6121,-0.0467,-0.5838,6.8677,1.7206
15.765,-1.2334,1.6111,-0.0467,-0.5867,6.8869,1.7206
15.815,-1.2019,1.6097,-0.0467,-0.5912,6.9166,1.7207
15.866,-1.181,1.6087,-0.0467,-0.5943,6.9374,1.7208
15.916,-1.16,1.6077,-0.0467,-0.5988,6.967,1.7209
15.966,-1.1285,1.6063,-0.0467,-0.6017,6.9863,1.721
16.016,-1.1075,1.6053,-0.0467,-0.6064,7.0175,1.7211
16.066,-1.0761,1.6038,-0.0467,-0.6096,7.0382,1.7211
16.117,-1.0551,1.6028,-0.0467,-0.6143,7.0694,1.7212
16.167,-1.0341,1.6018,-0.0467,-0.6168,7.0857,1.7213
16.217,-1.0027,1.6004,-0.0467,-0.6213,7.1153,1.7214
16.267,-0.9817,1.5994,-0.0467,-0.6242,7.1346,1.7215
16.318,-0.9502,1.5979,-0.0467,-0.6287,7.1643,1.7216
16.368,-0.9292,1.5969,-0.0467,-0.6316,7.1836,1.7216
16.418,-0.9083,1.596,-0.0467,-0.6364,7.2147,1.7217
16.468,-0.8768,1.5945,-0.0467,-0.6395,7.2355,1.7218
16.518,-0.8558,1.5935,-0.0467,-0.6443,7.2666,1.722
16.569,-0.8243,1.592,-0.0467,-0.6483,7.2933,1.7221
16.619,-0.8034,1.5911,-0.0467,-0.6513,7.3126,1.7221
16.669,-0.7824,1.5901,-0.0467,-0.6558,7.3422,1.7223
16.719,-0.7509,1.5886,-0.0467,-0.6587,7.3615,1.7223
16.769,-0.73,1.5876,-0.0467,-0.6633,7.3912,1.7224
16.82,-0.6985,1.5862,-0.0467,-0.6664,7.4119,1.7225
16.87,-0.6775,1.5852,-0.0467,-0.6712,7.4431,1.7226
16.92,-0.6565,1.5842,-0.0467,-0.6744,7.4638,1.7227
16.97,-0.6251,1.5827,-0.0467,-0.6785,7.4905,1.7228
17.02,-0.6041,1.5818,-0.0467,-0.6814,7.5098,1.7228
17.071,-0.5831,1.5808,-0.0467,-0.686,7.5394,1.723
17.121,-0.5516,1.5793,-0.0467,-0.6891,7.5602,1.7231
17.171,-0.5307,1.5783,-0.0467,-0.6937,7.5898,1.7232
17.221,-0.4992,1.5769,-0.0467,-0.6966,7.6091,1.7232
17.271,-0.4782,1.5759,-0.0467,-0.7014,7.6402,1.7234
17.322,-0.4572,1.5749,-0.0467,-0.7046,7.661,1.7235
17.372,-0.4258,1.5734,-0.0467,-0.7094,7.6921,1.7236
17.422,-0.4048,1.5725,-0.0467,-0.7119,7.7084,1.7237
17.472,-0.3733,1.571,-0.0467,-0.7165,7.7381,1.7238
17.522,-0.3524,1.57,-0.0467,-0.7195,7.7574,1.7238
17.573,-0.3314,1.569,-0.0467,-0.724,7.787,1.724
17.623,-0.2999,1.5676,-0.0467,-0.727,7.8063,1.724
17.673,-0.2789,1.5666,-0.0467,-0.7318,7.8374,1.7242
17.723,-0.2475,1.5651,-0.0467,-0.735,7.8582,1.7242
17.774,-0.2265,1.5641,-0.0467,-0.7394,7.8863,1.7243
17.824,-0.2055,1.5631,-0.0467,-0.7424,7.9056,1.7244
17.874,-0.1741,1.5617,-0.0467,-0.747,7.9353,1.7245
17.924,-0.1531,1.5607,-0.0467,-0.75,7.9545,1.7246
17.974,-0.1216,1.5592,-0.0467,-0.7546,7.9842,1.7247
18.025,-0.1006,1.5582,-0.0467,-0.7578,8.0049,1.7248
18.075,-0.0797,1.5573,-0.0467,-0.7624,8.0346,1.7249
18.125,-0.0482,1.5558,-0.0467,-0.7656,8.0553,1.725
18.175,-0.0272,1.5548,-0.0467,-0.7704,8.0864,1.7251
18.225,-0.0062,1.5538,-0.0467,-0.7737,8.1072,1.7252
18.276,0.0252,1.5524,-0.0467,-0.7776,8.1324,1.7253
18.326,0.0462,1.5514,-0.0467,-0.7808,8.1531,1.7254
18.376,0.0777,1.5499,-0.0467,-0.7854,8.1828,1.7255
18.426,0.0986,1.5489,-0.0467,-0.7884,8.2021,1.7256
18.477,0.1196,1.548,-0.0467,-0.7931,8.2317,1.7257
18.527,0.1511,1.5465,-0.0467,-0.7963,8.2524,1.7258
18.577,0.1721,1.5455,-0.0467,-0.8012,8.2836,1.7259
18.627,0.2035,1.544,-0.0467,-0.8044,8.3043,1.726
18.678,0.2245,1.5431,-0.0467,-0.8086,8.331,1.7261
18.728,0.2455,1.5421,-0.0467,-0.8116,8.3503,1.7262
18.778,0.277,1.5406,-0.0467,-0.8163,8.3799,1.7263
18.828,0.2979,1.5396,-0.0467,-0.8209,8.4095,1.7264
18.878,0.3294,1.5382,-0.0467,-0.8239,8.4288,1.7265
18.929,0.3504,1.5372,-0.0467,-0.8272,8.4495,1.7265
18.979,0.3713,1.5362,-0.0467,-0.8321,8.4807,1.7267
19.029,0.4028,1.5347,-0.0467,-0.837,8.5118,1.7268
19.079,0.4238,1.5338,-0.0467,-0.8395,8.5281,1.7269
19.129,0.4553,1.5323,-0.0467,-0.8442,8.5577,1.727
19.18,0.4762,1.5313,-0.0467,-0.8472,8.577,1.7271
19.23,0.4972,1.5303,-0.0467,-0.8519,8.6066,1.7272
19.28,0.5287,1.5289,-0.0467,-0.8552,8.6273,1.7273
19.331,0.5497,1.5279,-0.0467,-0.8598,8.657,1.7274
19.381,0.5811,1.5264,-0.0467,-0.8631,8.6777,1.7275
19.431,0.6021,1.5254,-0.0467,-0.868,8.7088,1.7276
19.481,0.6231,1.5245,-0.0467,-0.8713,8.7296,1.7277
19.532,0.6545,1.523,-0.0467,-0.8753,8.7548,1.7278
19.582,0.6755,1.522,-0.0467,-0.8786,8.7755,1.7279
19.632,0.6965,1.521,-0.0467,-0.8833,8.8051,1.728
19.682,0.728,1.5196,-0.0467,-0.8863,8.8244,1.7281
19.732,0.7489,1.5186,-0.0467,-0.891,8.854,1.7282
19.783,0.7804,1.5171,-0.0467,-0.8943,8.8748,1.7283
19.833,0.8014,1.5161,-0.0467,-0.8993,8.9059,1.7284
19.883,0.8224,1.5151,-0.0467,-0.9026,8.9266,1.7285
19.933,0.8538,1.5137,-0.0467,-0.9068,8.9533,1.7286
19.983,0.8748,1.5127,-0.0467,-0.9099,8.9725,1.7287
20.034,0.9063,1.5112,-0.0467,-0.9146,9.0022,1.7288
20.084,0.9272,1.5102,-0.0467,-0.9177,9.0214,1.7289
20.134,0.9482,1.5093,-0.0467,-0.9224,9.051,1.7291
20.184,0.9797,1.5078,-0.0467,-0.9257,9.0718,1.7291
20.235,1.0007,1.5068,-0.0467,-0.9307,9.1029,1.7293
20.285,1.0321,1.5053,-0.0467,-0.934,9.1236,1.7294
20.335,1.0531,1.5044,-0.0467,-0.9383,9.1503,1.7295
20.386,1.0741,1.5034,-0.0467,-0.9413,9.1695,1.7296
20.436,1.1055,1.5019,-0.0467,-0.9461,9.1992,1.7296
20.487,1.1265,1.5009,-0.0467,-0.9494,9.2199,1.7297
20.537,1.1475,1.5,-0.0467,-0.9541,9.2495,1.7298
20.587,1.179,1.4985,-0.0467,-0.9572,9.2688,1.7299
20.637,1.1999,1.4975,-0.0467,-0.9622,9.2999,1.73
20.688,1.2314,1.496,-0.0467,-0.9672,9.331,1.7301
20.738,1.2524,1.4951,-0.0467,-0.9706,9.3517,1.7302
20.788,1.2734,1.4941,-0.0467,-0.9732,9.368,1.7303
20.838,1.3048,1.4926,-0.0467,-0.9779,9.3976,1.7304
20.888,1.3258,1.4916,-0.0467,-0.981,9.4169,1.7305
20.939,1.3573,1.4902,-0.0467,-0.9858,9.4465,1.7306
20.989,1.3782,1.4892,-0.0467,-0.9906,9.4761,1.7307
21.039,1.3992,1.4882,-0.0467,-0.9939,9.4968,1.7307
21.089,1.4307,1.4867,-0.0467,-0.999,9.5279,1.7308
21.139,1.4517,1.4858,-0.0467,-1.0023,9.5487,1.7309
21.19,1.4726,1.4848,-0.0467,-1.0049,9.565,1.7309
21.24,1.5041,1.4833,-0.0467,-1.0097,9.5946,1.7311
21.29,1.5251,1.4823,-0.0467,-1.0128,9.6138,1.7311
21.34,1.5566,1.4809,-0.0467,-1.0176,9.6434,1.7313
21.39,1.5775,1.4799,-0.0467,-1.021,9.6642,1.7313
21.441,1.5985,1.4789,-0.0467,-1.0258,9.6938,1.7315
21.491,1.63,1.4774,-0.0467,-1.0291,9.7145,1.7315
21.541,1.651,1.4764,-0.0467,-1.0342,9.7456,1.7317
21.591,1.6719,1.4755,-0.0467,-1.0375,9.7663,1.7318
21.641,1.7034,1.474,-0.0467,-1.0416,9.7915,1.7319
21.692,1.7244,1.473,-0.0467,-1.045,9.8122,1.732
21.742,1.7558,1.4716,-0.0467,-1.0498,9.8418,1.7321
21.792,1.7768,1.4706,-0.0467,-1.0529,9.8611,1.7322
21.842,1.7978,1.4696,-0.0467,-1.0578,9.8907,1.7323
21.893,1.8293,1.4681,-0.0467,-1.0628,9.9218,1.7324
21.943,1.8502,1.4671,-0.0467,-1.0662,9.9425,1.7325
21.993,1.8817,1.4657,-0.0467,-1.0696,9.9632,1.7326
22.043,1.9027,1.4647,-0.0467,-1.074,9.9899,1.7327
22.093,1.9237,1.4637,-0.0467,-1.0771,10.0091,1.7328
22.144,1.9551,1.4622,-0.0467,-1.0819,10.0387,1.7329
22.194,1.9761,1.4613,-0.0467,-1.0851,10.058,1.733
22.244,2.0076,1.4598,-0.0467,-1.0899,10.0876,1.7331
22.294,2.0285,1.4588,-0.0467,-1.0933,10.1083,1.7332
22.344,2.0495,1.4578,-0.0467,-1.0984,10.1394,1.7333
22.395,2.081,1.4564,-0.0467,-1.1035,10.1705,1.7335
22.445,2.102,1.4554,-0.0467,-1.1062,10.1868,1.7335
22.495,2.1334,1.4539,-0.0467,-1.1111,10.2164,1.7336
22.545,2.1544,1.4529,-0.0467,-1.1142,10.2356,1.7337
22.595,2.1754,1.452,-0.0467,-1.1191,10.2652,1.7338
22.646,2.2068,1.4505,-0.0467,-1.1225,10.2859,1.7339
22.696,2.2278,1.4495,-0.0467,-1.1274,10.3155,1.734
22.746,2.2488,1.4485,-0.0467,-1.1308,10.3363,1.7341
22.796,2.2803,1.4471,-0.0467,-1.1359,10.3673,1.7343
22.847,2.3012,1.4461,-0.0467,-1.1393,10.3881,1.7344
22.897,2.3327,1.4446,-0.0467,-1.1435,10.4132,1.7345
22.947,2.3537,1.4436,-0.0467,-1.1469,10.4339,1.7346
22.997,2.3747,1.4427,-0.0467,-1.1518,10.4635,1.7347
23.047,2.4061,1.4412,-0.0467,-1.155,10.4828,1.7348
23.098,2.4271,1.4402,-0.0467,-1.1599,10.5124,1.7349
23.148,2.4586,1.4387,-0.0467,-1.1633,10.5331,1.735
23.198,2.4795,1.4378,-0.0467,-1.1685,10.5642,1.7351
23.248,2.5005,1.4368,-0.0467,-1.1719,10.5849,1.7351
23.298,2.532,1.4353,-0.0467,-1.1763,10.6115,1.7352
23.349,2.553,1.4343,-0.0467,-1.1795,10.6308,1.7353
23.399,2.5844,1.4329,-0.0467,-1.1844,10.6604,1.7354
23.449,2.6054,1.4319,-0.0467,-1.1876,10.6796,1.7355
23.5,2.6264,1.4309,-0.0467,-1.1925,10.7092,1.7356
23.55,2.6579,1.4294,-0.0467,-1.196,10.7299,1.7357
23.6,2.6788,1.4284,-0.0467,-1.2012,10.761,1.7359
23.65,2.7103,1.427,-0.0467,-1.2046,10.7817,1.7359
23.701,2.7313,1.426,-0.0467,-1.209,10.8083,1.7361
23.751,2.7523,1.425,-0.0467,-1.2123,10.8276,1.7362
23.801,2.7837,1.4235,-0.0467,-1.2172,10.8571,1.7363
23.851,2.8047,1.4226,-0.0467,-1.2207,10.8779,1.7363
23.902,2.8257,1.4216,-0.0467,-1.2256,10.9074,1.7365
23.952,2.8571,1.4201,-0.0467,-1.2288,10.9267,1.7366
24.002,2.8781,1.4191,-0.0467,-1.234,10.9577,1.7367
24.052,2.9096,1.4177,-0.0467,-1.2375,10.9785,1.7368
24.103,2.9306,1.4167,-0.0467,-1.2427,11.0095,1.7369
24.153,2.9515,1.4157,-0.0467,-1.2454,11.0258,1.737
24.203,2.983,1.4142,-0.0467,-1.2504,11.0554,1.7371
24.253,3.004,1.4133,-0.0467,-1.2536,11.0746,1.7372
24.303,3.0354,1.4118,-0.0467,-1.2586,11.1042,1.7373
24.353,3.0564,1.4108,-0.0467,-1.2636,11.1338,1.7374
24.404,3.0774,1.4098,-0.0467,-1.267,11.1545,1.7375
24.454,3.1089,1.4084,-0.0467,-1.2705,11.1752,1.7375
24.504,3.1298,1.4074,-0.0467,-1.2757,11.2063,1.7376
24.554,3.1613,1.4059,-0.0467,-1.2785,11.2225,1.7377
24.605,3.1823,1.4049,-0.0467,-1.2835,11.2521,1.7378
24.655,3.2033,1.404,-0.0467,-1.2885,11.2817,1.738
24.705,3.2347,1.4025,-0.0467,-1.2917,11.3009,1.738
24.755,3.2557,1.4015,-0.0467,-1.2967,11.3305,1.7381
24.805,3.2872,1.4,-0.0467,-1.3002,11.3512,1.7382
24.856,3.3081,1.3991,-0.0467,-1.3055,11.3823,1.7383
24.906,3.3291,1.3981,-0.0467,-1.309,11.403,1.7384
24.956,3.3606,1.3966,-0.0467,-1.3135,11.4296,1.7386
25.006,3.3816,1.3956,-0.0467,-1.3167,11.4488,1.7386
25.057,3.4025,1.3947,-0.0467,-1.3202,11.4695,1.7387
25.107,3.434,1.3932,-0.0467,-1.3252,11.4991,1.7388
25.157,3.455,1.3922,-0.0467,-1.3303,11.5287,1.7389
25.207,3.4865,1.3907,-0.0467,-1.3335,11.5479,1.739
25.257,3.5074,1.3898,-0.0467,-1.3388,11.579,1.7391
25.308,3.5284,1.3888,-0.0467,-1.3423,11.5997,1.7392
25.358,3.5599,1.3873,-0.0467,-1.3476,11.6307,1.7393
25.408,3.5808,1.3863,-0.0467,-1.3504,11.647,1.7393
25.458,3.6123,1.3849,-0.0467,-1.3554,11.6766,1.7394
25.509,3.6333,1.3839,-0.0467,-1.3587,11.6958,1.7395
25.559,3.6543,1.3829,-0.0467,-1.3637,11.7254,1.7396
25.609,3.6857,1.3814,-0.0467,-1.367,11.7446,1.7397
25.659,3.7067,1.3804,-0.0467,-1.3723,11.7756,1.7398
25.709,3.7382,1.379,-0.0467,-1.3758,11.7963,1.7399
25.759,3.7592,1.378,-0.0467,-1.3811,11.8274,1.74
25.81,3.7801,1.377,-0.0467,-1.3839,11.8437,1.74
25.86,3.8116,1.3755,-0.0467,-1.3889,11.8732,1.7402
25.91,3.8326,1.3746,-0.0467,-1.3922,11.8925,1.7402
25.96,3.864,1.3731,-0.0467,-1.3973,11.922,1.7404
26.01,3.885,1.3721,-0.0467,-1.4008,11.9427,1.7404
26.061,3.906,1.3711,-0.0467,-1.4059,11.9723,1.7406
26.111,3.9375,1.3697,-0.0467,-1.4095,11.993,1.7407
26.161,3.9584,1.3687,-0.0467,-1.4148,12.024,1.7408
26.211,3.9899,1.3672,-0.0467,-1.4183,12.0447,1.7409
26.262,4.0109,1.3662,-0.0467,-1.4227,12.0699,1.741
26.312,4.0319,1.3653,-0.0467,-1.4262,12.0906,1.7411
26.362,4.0633,1.3638,-0.0467,-1.4313,12.1201,1.7412
26.412,4.0843,1.3628,-0.0467,-1.4346,12.1393,1.7413
26.462,4.1053,1.3618,-0.0467,-1.4397,12.1689,1.7414
26.512,4.1367,1.3604,-0.0467,-1.445,12.1999,1.7415
26.563,4.1577,1.3594,-0.0467,-1.4486,12.2206,1.7416
26.613,4.1892,1.3579,-0.0467,-1.4522,12.2413,1.7416
26.663,4.2102,1.3569,-0.0467,-1.4568,12.2679,1.7417
26.713,4.2311,1.356,-0.0467,-1.4601,12.2872,1.7418
26.763,4.2626,1.3545,-0.0467,-1.4652,12.3167,1.7419
26.814,4.2836,1.3535,-0.0467,-1.4703,12.3463,1.742
26.864,4.315,1.352,-0.0467,-1.4736,12.3655,1.7421
26.914,4.336,1.3511,-0.0467,-1.4772,12.3862,1.7422
26.964,4.357,1.3501,-0.0467,-1.4826,12.4172,1.7423
27.014,4.3885,1.3486,-0.0467,-1.488,12.4483,1.7424
27.065,4.4094,1.3476,-0.0467,-1.4908,12.4645,1.7424
27.115,4.4409,1.3462,-0.0467,-1.4959,12.4941,1.7425
27.165,4.4619,1.3452,-0.0467,-1.4992,12.5133,1.7426
27.215,4.4829,1.3442,-0.0467,-1.5028,12.534,1.7427
27.265,4.5143,1.3427,-0.0467,-1.508,12.5635,1.7428
27.315,4.5353,1.3418,-0.0467,-1.5131,12.5931,1.743
27.366,4.5563,1.3408,-0.0467,-1.5167,12.6138,1.7431
27.416,4.5878,1.3393,-0.0467,-1.5221,12.6448,1.7432
27.466,4.6087,1.3383,-0.0467,-1.5257,12.6655,1.7433
27.516,4.6402,1.3369,-0.0467,-1.5301,12.6906,1.7434
27.567,4.6612,1.3359,-0.0467,-1.5337,12.7113,1.7434
27.617,4.6821,1.3349,-0.0467,-1.5388,12.7409,1.7436
27.667,4.7136,1.3334,-0.0467,-1.5422,12.7601,1.7436
27.717,4.7346,1.3324,-0.0467,-1.5474,12.7896,1.7438
27.767,4.7661,1.331,-0.0467,-1.551,12.8103,1.7439
27.817,4.787,1.33,-0.0467,-1.5564,12.8414,1.744
27.868,4.808,1.329,-0.0467,-1.5595,12.8591,1.744
27.918,4.8395,1.3275,-0.0467,-1.5647,12.8886,1.7442
27.968,4.8605,1.3266,-0.0467,-1.568,12.9078,1.7443
28.018,4.8919,1.3251,-0.0467,-1.5732,12.9374,1.7444
28.068,4.9129,1.3241,-0.0467,-1.5766,12.9566,1.7444
28.119,4.9339,1.3231,-0.0467,-1.5818,12.9861,1.7446
28.169,4.9653,1.3217,-0.0467,-1.5854,13.0068,1.7446
28.219,4.9863,1.3207,-0.0467,-1.5909,13.0379,1.7447
28.269,5.0178,1.3192,-0.0467,-1.5945,13.0585,1.7448
28.319,5.0388,1.3182,-0.0467,-1.5992,13.0851,1.7449
28.37,5.0597,1.3173,-0.0467,-1.6025,13.1043,1.745
28.42,5.0912,1.3158,-0.0467,-1.6077,13.1339,1.7451
28.47,5.1122,1.3148,-0.0467,-1.6114,13.1546,1.7452
28.52,5.1332,1.3138,-0.0467,-1.6166,13.1841,1.7453
28.571,5.1646,1.3124,-0.0467,-1.62,13.2033,1.7454
28.621,5.1856,1.3114,-0.0467,-1.6255,13.2343,1.7455
28.671,5.2171,1.3099,-0.0467,-1.6291,13.255,1.7456
28.721,5.238,1.3089,-0.0467,-1.6346,13.286,1.7458
28.771,5.259,1.308,-0.0467,-1.6375,13.3023,1.7458
28.822,5.2905,1.3065,-0.0467,-1.6427,13.3318,1.746
28.872,5.3115,1.3055,-0.0467,-1.6461,13.351,1.746
28.922,5.3429,1.304,-0.0467,-1.6513,13.3806,1.7462
28.972,5.3639,1.3031,-0.0467,-1.6547,13.3998,1.7462
29.022,5.3849,1.3021,-0.0467,-1.6602,13.4308,1.7463
29.073,5.4163,1.3006,-0.0467,-1.6639,13.4515,1.7464
29.123,5.4365,1.2998,-0.0466,-1.6678,13.4734,1.7469
29.173,5.4529,1.2992,-0.0363,-1.669,13.4802,1.7517
29.223,5.4593,1.299,-0.0143,-1.6707,13.4889,1.7807
29.273,5.4654,1.299,0.0087,-1.6727,13.4977,1.814
29.324,5.4743,1.2992,0.0444,-1.6742,13.5034,1.8363
29.374,5.48,1.2995,0.0691,-1.6759,13.5094,1.861
29.424,5.4857,1.2999,0.0944,-1.6786,13.518,1.8975
29.474,5.4943,1.3009,0.1336,-1.6818,13.5269,1.937
29.524,5.5,1.3018,0.1604,-1.6841,13.5328,1.9641
29.577,5.5089,1.3034,0.2016,-1.6873,13.5402,1.9996
29.627,5.5149,1.3047,0.2298,-1.6897,13.5455,2.026
29.677,5.5209,1.3062,0.2586,-1.6926,13.5511,2.0549
29.727,5.53,1.3088,0.3023,-1.6969,13.559,2.0966
29.777,5.536,1.3107,0.3314,-1.7015,13.5668,2.1384
29.828,5.5449,1.314,0.3751,-1.7047,13.5717,2.1655
29.878,5.5507,1.3164,0.4042,-1.7101,13.5794,2.2093
29.928,5.5564,1.3189,0.4334,-1.7139,13.5844,2.2385
29.978,5.5649,1.3231,0.4771,-1.7199,13.5918,2.2823
30.028,5.5705,1.3261,0.5062,-1.7231,13.5954,2.3053
30.078,5.576,1.3292,0.5353,-1.7293,13.602,2.347
30.129,5.584,1.3342,0.5788,-1.7334,13.6062,2.3739
30.179,5.5892,1.3377,0.6074,-1.7402,13.6125,2.4145
30.229,5.5971,1.3434,0.6484,-1.7449,13.6167,2.4399
30.28,5.6024,1.3475,0.6743,-1.7534,13.6237,2.4787
30.33,5.6079,1.3521,0.6995,-1.7597,13.6286,2.504
30.38,5.6166,1.3597,0.7373,-1.77,13.636,2.5419
30.43,5.6226,1.3652,0.7625,-1.7757,13.6398,2.5618
30.48,5.6319,1.3744,0.8003,-1.7871,13.6471,2.5979
30.531,5.6383,1.3811,0.8255,-1.795,13.6518,2.6214
30.582,5.6448,1.3884,0.8507,-1.8082,13.6591,2.6575
30.632,5.6547,1.4001,0.8885,-1.8179,13.6642,2.6828
30.682,5.6613,1.4084,0.9137,-1.8326,13.6712,2.7189
30.732,5.6714,1.4221,0.9515,-1.8436,13.676,2.7441
30.782,5.6782,1.4318,0.9767,-1.861,13.6831,2.7821
30.833,5.685,1.442,1.0019,-1.8733,13.6876,2.8074
30.883,5.6951,1.4584,1.0397,-1.8888,13.6928,2.8381
30.933,5.7018,1.4698,1.065,-1.9021,13.6968,2.8635
30.983,5.712,1.4884,1.1025,-1.9222,13.7022,2.8992
31.033,5.7188,1.5017,1.1268,-1.9357,13.7055,2.9221
31.083,5.7254,1.5158,1.1502,-1.9575,13.7101,2.9553
31.134,5.7348,1.5379,1.1828,-1.9732,13.7129,2.9773
31.184,5.7409,1.5532,1.2025,-1.9977,13.7166,3.0067
31.234,5.7498,1.5771,1.2285,-2.0145,13.7188,3.0241
31.284,5.7556,1.5935,1.2443,-2.0365,13.7212,3.0445
31.334,5.7611,1.6104,1.2586,-2.0529,13.7228,3.0579
31.385,5.7692,1.6362,1.2782,-2.0785,13.7247,3.0766
31.435,5.7744,1.6537,1.2899,-2.0954,13.7257,3.0877
31.485,5.7795,1.6714,1.3003,-2.1218,13.727,3.1025
31.535,5.7869,1.6983,1.314,-2.1405,13.7277,3.1116
31.585,5.7916,1.7164,1.322,-2.1688,13.7284,3.1237
31.636,5.7984,1.7439,1.3327,-2.1879,13.7286,3.1309
31.686,5.8029,1.7625,1.3393,-2.2127,13.7288,3.1394
31.736,5.8072,1.7812,1.3454,-2.2307,13.7288,-3.1381
31.786,5.8136,1.8096,1.3538,-2.2586,13.7286,-3.1299
31.836,5.8178,1.8286,1.359,-2.2782,13.7283,-3.1246
31.887,5.8239,1.8575,1.3661,-2.3064,13.7278,-3.1178
31.937,5.8278,1.8768,1.3704,-2.3248,13.7273,-3.1136
31.987,5.8318,1.8963,1.3744,-2.3548,13.7264,-3.1074
32.037,5.8375,1.9257,1.3806,-2.3848,13.7253,-3.1012
32.087,5.8413,1.9455,1.3845,-2.4049,13.7244,-3.0974
32.137,5.8468,1.9753,1.3897,-2.4208,13.7237,-3.0946
32.188,5.8505,1.9953,1.3928,-2.4497,13.7223,-3.0899
32.238,5.854,2.0153,1.3957,-2.4788,13.7207,-3.0858
32.288,5.8593,2.0455,1.3996,-2.4977,13.7197,-3.0833
32.338,5.8628,2.0656,1.402,-2.5269,13.7179,-3.0798
32.388,5.8662,2.0859,1.4042,-2.5473,13.7166,-3.0776
32.439,5.8713,2.1163,1.4072,-2.5781,13.7146,-3.0745
32.489,5.8746,2.1366,1.4089,-2.5987,13.7132,-3.0727
32.539,5.8796,2.1672,1.4111,-2.6252,13.7114,-3.0708
32.589,5.8828,2.1876,1.4124,-2.6443,13.71,-3.0696
32.639,5.8861,2.2081,1.4134,-2.6738,13.7078,-3.068
32.69,5.891,2.2388,1.4148,-2.693,13.7064,-3.0671
32.74,5.8942,2.2593,1.4157,-2.7225,13.7042,-3.0657
32.79,5.899,2.29,1.417,-2.7432,13.7026,-3.0648
32.841,5.9021,2.3105,1.4178,-2.7743,13.7002,-3.0634
32.891,5.9053,2.3311,1.4186,-2.795,13.6986,-3.0625
32.941,5.91,2.3619,1.4197,-2.8217,13.6964,-3.0615
32.991,5.9131,2.3825,1.4204,-2.841,13.6949,-3.0608
33.041,5.9178,2.4133,1.4213,-2.8706,13.6925,-3.0598
33.092,5.9209,2.4339,1.4219,-2.8914,13.6908,-3.0592
33.142,5.924,2.4546,1.4225,-2.9211,13.6883,-3.0582
33.192,5.9286,2.4855,1.4233,-2.9404,13.6867,-3.0576
33.242,5.9316,2.5062,1.4239,-2.9716,13.684,-3.0568
33.292,5.9362,2.5372,1.4245,-2.9925,13.6822,-3.0563
33.343,5.9393,2.5579,1.4249,-3.0237,13.6796,-3.0555
33.393,5.9423,2.5786,1.4253,-3.0401,13.6781,-3.0552
33.443,5.9468,2.6096,1.4258,-3.0699,13.6756,-3.0546
33.493,5.9499,2.6303,1.4261,-3.0892,13.6739,-3.0542
33.543,5.9529,2.6511,1.4264,-3.119,13.6712,-3.0537
33.594,5.9574,2.6822,1.4268,-3.1384,13.6695,-3.0534
33.644,5.9604,2.7029,1.427,-3.1697,13.6668,-3.0529
33.694,5.9649,2.734,1.4273,-3.1905,13.6649,-3.0527
33.744,5.9679,2.7547,1.4275,-3.2218,13.6621,-3.0523
33.795,5.9709,2.7755,1.4276,-3.2383,13.6606,-3.0522
33.845,5.9754,2.8066,1.4278,-3.2681,13.658,-3.0519
33.895,5.9784,2.8274,1.4279,-3.2875,13.6562,-3.0517
33.945,5.9828,2.8585,1.4281,-3.3173,13.6535,-3.0514
33.995,5.9858,2.8792,1.4282,-3.3382,13.6516,-3.0512
34.046,5.9888,2.9,1.4283,-3.368,13.6489,-3.0509
34.096,5.9933,2.9311,1.4285,-3.3889,13.647,-3.0508
34.146,5.9962,2.9519,1.4285,-3.4202,13.6442,-3.0506
34.196,6.0007,2.983,1.4287,-3.4471,13.6417,-3.0504
34.246,6.0037,3.0038,1.4288,-3.4665,13.6399,-3.0502
34.297,6.0066,3.0246,1.4288,-3.4874,13.638,-3.05
34.347,6.0111,3.0557,1.429,-3.5173,13.6353,-3.0498
34.397,6.014,3.0765,1.429,-3.5367,13.6335,-3.0496
34.447,6.0185,3.1077,1.4291,-3.5665,13.6307,-3.0494
34.498,6.0215,3.1284,1.4292,-3.5978,13.6278,-3.0492
34.548,6.0244,3.1492,1.4292,-3.6187,13.6259,-3.0491
34.598,6.0289,3.1804,1.4293,-3.6501,13.623,-3.0489
34.648,6.0318,3.2012,1.4293,-3.6665,13.6215,-3.0488
34.698,6.0348,3.222,1.4294,-3.6964,13.6187,-3.0487
34.749,6.0392,3.2531,1.4294,-3.7158,13.6169,-3.0486
34.799,6.0422,3.2739,1.4295,-3.7456,13.6141,-3.0484
34.849,6.0466,3.3051,1.4295,-3.7651,13.6123,-3.0483
34.899,6.0496,3.3259,1.4295,-3.7964,13.6093,-3.0481
34.949,6.0525,3.3467,1.4295,-3.8173,13.6074,-3.048
34.999,6.057,3.3778,1.4296,-3.8487,13.6044,-3.0479
35.05,6.0599,3.3986,1.4296,-3.8651,13.6029,-3.0478
35.1,6.0643,3.4298,1.4296,-3.895,13.6001,-3.0476
35.15,6.0673,3.4506,1.4296,-3.9144,13.5982,-3.0476
35.2,6.0703,3.4714,1.4296,-3.9442,13.5954,-3.0474
35.25,6.0747,3.5026,1.4297,-3.9651,13.5934,-3.0473
35.301,6.0776,3.5233,1.4297,-3.995,13.5906,-3.0472
35.351,6.0821,3.5545,1.4297,-4.0159,13.5886,-3.0471
35.401,6.085,3.5753,1.4297,-4.0472,13.5857,-3.047
35.451,6.088,3.5961,1.4297,-4.0682,13.5837,-3.0469
35.501,6.0924,3.6273,1.4297,-4.0935,13.5813,-3.0468
35.552,6.0954,3.6481,1.4297,-4.1144,13.5793,-3.0467
35.602,6.0998,3.6793,1.4297,-4.1443,13.5764,-3.0466
35.652,6.1027,3.7001,1.4298,-4.1637,13.5746,-3.0465
35.702,6.1057,3.7208,1.4298,-4.1936,13.5717,-3.0464
35.752,6.1101,3.752,1.4298,-4.2145,13.5697,-3.0463
35.803,6.1131,3.7728,1.4298,-4.2458,13.5667,-3.0462
35.853,6.116,3.7936,1.4298,-4.2667,13.5647,-3.0461
35.903,6.1204,3.8248,1.4298,-4.2936,13.5622,-3.046
35.953,6.1234,3.8456,1.4298,-4.313,13.5603,-3.0459
36.003,6.1278,3.8768,1.4298,-4.3429,13.5574,-3.0458
36.054,6.1308,3.8976,1.4298,-4.3623,13.5556,-3.0457
36.104,6.1337,3.9183,1.4298,-4.3922,13.5527,-3.0457
36.154,6.1381,3.9495,1.4298,-4.4131,13.5507,-3.0456
36.204,6.1411,3.9703,1.4298,-4.4444,13.5477,-3.0454
36.254,6.1455,4.0015,1.4298,-4.4653,13.5457,-3.0453
36.305,6.1485,4.0223,1.4298,-4.4922,13.5431,-3.0452
36.355,6.1514,4.0431,1.4298,-4.5116,13.5412,-3.0451
36.405,6.1558,4.0743,1.4298,-4.5415,13.5383,-3.045
36.455,6.1588,4.0951,1.4298,-4.5624,13.5363,-3.0449
36.505,6.1632,4.1263,1.4298,-4.5922,13.5334,-3.0448
36.556,6.1662,4.147,1.4298,-4.6116,13.5315,-3.0447
36.606,6.1691,4.1678,1.4298,-4.643,13.5284,-3.0446
36.656,6.1736,4.199,1.4298,-4.6639,13.5264,-3.0445
36.706,6.1765,4.2198,1.4298,-4.6952,13.5233,-3.0444
36.757,6.1809,4.251,1.4298,-4.7116,13.5217,-3.0443
36.807,6.1839,4.2718,1.4298,-4.7415,13.5188,-3.0442
36.857,6.1868,4.2926,1.4298,-4.7714,13.5159,-3.0441
36.907,6.1913,4.3238,1.4298,-4.7908,13.514,-3.044
36.957,6.1942,4.3446,1.4299,-4.8206,13.5111,-3.0438
37.008,6.1972,4.3654,1.4299,-4.8415,13.509,-3.0437
37.058,6.2016,4.3965,1.4299,-4.8624,13.507,-3.0436
37.108,6.2045,4.4173,1.4299,-4.8938,13.5039,-3.0435
37.158,6.209,4.4485,1.4299,-4.9206,13.5012,-3.0434
37.208,6.2119,4.4693,1.4299,-4.94,13.4993,-3.0434
37.259,6.2149,4.4901,1.4299,-4.9699,13.4964,-3.0433
37.309,6.2193,4.5213,1.4299,-4.9893,13.4945,-3.0432
37.359,6.2222,4.5421,1.4299,-5.0102,13.4924,-3.0432
37.409,6.2267,4.5733,1.4299,-5.0401,13.4895,-3.0431
37.459,6.2296,4.5941,1.4299,-5.0714,13.4864,-3.043
37.51,6.2326,4.6149,1.4299,-5.0923,13.4843,-3.0429
37.56,6.237,4.646,1.4299,-5.1192,13.4816,-3.0428
37.61,6.2399,4.6668,1.4299,-5.1386,13.4797,-3.0427
37.66,6.2444,4.698,1.4299,-5.1684,13.4767,-3.0426
37.711,6.2473,4.7188,1.4299,-5.1893,13.4747,-3.0425
37.761,6.2503,4.7396,1.4299,-5.2192,13.4717,-3.0423
37.811,6.2547,4.7708,1.4299,-5.2386,13.4698,-3.0422
37.861,6.2576,4.7916,1.4299,-5.2699,13.4666,-3.0421
37.912,6.2606,4.8124,1.4299,-5.2908,13.4646,-3.042
37.962,6.265,4.8436,1.4299,-5.3222,13.4614,-3.0419
38.012,6.2679,4.8644,1.4299,-5.3386,13.4598,-3.0419
38.062,6.2724,4.8955,1.4299,-5.3684,13.4568,-3.0418
38.113,6.2753,4.9163,1.4299,-5.3878,13.4548,-3.0417
38.163,6.2783,4.9371,1.4299,-5.4177,13.4519,-3.0416
38.213,6.2827,4.9683,1.4299,-5.4371,13.4499,-3.0415
38.263,6.2856,4.9891,1.4299,-5.4684,13.4468,-3.0414
38.314,6.2901,5.0203,1.4299,-5.4893,13.4447,-3.0413
38.364,6.293,5.0411,1.4299,-5.5207,13.4415,-3.0411
38.414,6.296,5.0619,1.4299,-5.5371,13.4398,-3.0411
38.464,6.3004,5.0931,1.4299,-5.5669,13.4368,-3.041
38.514,6.3033,5.1139,1.4299,-5.5863,13.4349,-3.0409
38.565,6.3078,5.145,1.4299,-5.6162,13.4319,-3.0408
38.615,6.3107,5.1658,1.4299,-5.6371,13.4297,-3.0408
38.665,6.3137,5.1866,1.4299,-5.6669,13.4267,-3.0406
38.715,6.3181,5.2178,1.4299,-5.6878,13.4246,-3.0406
38.765,6.321,5.2386,1.4299,-5.7192,13.4214,-3.0405
38.816,6.3255,5.2698,1.4299,-5.7401,13.4193,-3.0404
38.866,6.3284,5.2906,1.4299,-5.7654,13.4167,-3.0403
38.916,6.3314,5.3114,1.4299,-5.7863,13.4146,-3.0402
38.966,6.3358,5.3426,1.4299,-5.8162,13.4116,-3.0401
39.017,6.3387,5.3634,1.4299,-5.8356,13.4096,-3.04
39.067,6.3417,5.3842,1.4299,-5.8654,13.4065,-3.0399
39.117,6.3461,5.4153,1.4299,-5.8967,13.4033,-3.0398
39.167,6.3487,5.4356,1.4299,-5.9091,13.4021,-3.039
39.217,6.3508,5.4522,1.4419,-5.9165,13.4013,-3.03
39.268,6.3515,5.4586,1.4647,-5.9253,13.4002,-3.001
39.318,6.3522,5.4648,1.4885,-5.9342,13.3988,-2.9666
39.368,6.3529,5.474,1.5255,-5.94,13.3977,-2.9434
39.418,6.3531,5.4799,1.5508,-5.9488,13.3958,-2.9069
39.468,6.3531,5.4886,1.5897,-5.9545,13.3944,-2.8827
39.518,6.3529,5.4943,1.6157,-5.9636,13.3918,-2.8436
39.569,6.3526,5.4999,1.6415,-5.9696,13.3899,-2.8178
39.619,6.3519,5.5083,1.6797,-5.9785,13.3868,-2.7796
39.669,6.3512,5.5138,1.7049,-5.983,13.3851,-2.7598
39.719,6.3499,5.522,1.7427,-5.9914,13.3816,-2.7237
39.769,6.3489,5.5275,1.7679,-5.9967,13.3792,-2.7002
39.82,6.3478,5.5329,1.7931,-6.0048,13.3752,-2.6641
39.87,6.3458,5.541,1.8309,-6.0104,13.3723,-2.6388
39.92,6.3443,5.5463,1.8561,-6.0182,13.3678,-2.6027
39.971,6.3418,5.5542,1.8939,-6.0236,13.3645,-2.5774
40.021,6.34,5.5595,1.9191,-6.0315,13.3594,-2.5395
40.071,6.3381,5.5647,1.9443,-6.0367,13.3558,-2.5142
40.121,6.3349,5.5724,1.9821,-6.0428,13.3512,-2.4835
40.171,6.3326,5.5774,2.0073,-6.0477,13.3473,-2.4582
40.222,6.3302,5.5824,2.0325,-6.0546,13.3416,-2.4221
40.272,6.3264,5.5898,2.0703,-6.059,13.3377,-2.3986
40.322,6.3237,5.5946,2.0955,-6.0656,13.3315,-2.3625
40.372,6.3194,5.6017,2.1333,-6.07,13.327,-2.3372
40.422,6.3163,5.6064,2.1585,-6.0765,13.3201,-2.2993
40.473,6.3132,5.611,2.1837,-6.0806,13.3154,-2.274
40.523,6.3083,5.6177,2.2215,-6.0857,13.3092,-2.2415
40.573,6.3049,5.6221,2.2467,-6.0893,13.3046,-2.218
40.623,6.2995,5.6285,2.2845,-6.0947,13.2973,-2.1819
40.673,6.2957,5.6329,2.3098,-6.0981,13.2923,-2.1583
40.724,6.2913,5.6376,2.3351,-6.1037,13.2837,-2.1221
40.774,6.284,5.6449,2.3732,-6.1076,13.2773,-2.0965
40.824,6.2787,5.65,2.3987,-6.1135,13.2668,-2.0583
40.874,6.2697,5.6581,2.4369,-6.1175,13.2591,-2.0327
40.924,6.2631,5.6636,2.4626,-6.1226,13.2487,-1.9996
40.975,6.2559,5.6694,2.4884,-6.1263,13.2404,-1.9756
41.025,6.2442,5.6782,2.5275,-6.1319,13.227,-1.9382
41.075,6.2359,5.6844,2.5537,-6.1356,13.217,-1.9118
41.125,6.2222,5.6938,2.5929,-6.1408,13.2017,-1.8744
41.175,6.2125,5.7001,2.6188,-6.144,13.1913,-1.8502
41.226,6.2022,5.7065,2.6442,-6.1489,13.1734,-1.8121
41.276,6.186,5.7159,2.682,-6.1518,13.1608,-1.7868
41.326,6.1746,5.722,2.7072,-6.1559,13.1411,-1.7489
41.376,6.1626,5.728,2.7324,-6.1577,13.1305,-1.729
41.426,6.1435,5.7366,2.7696,-6.1607,13.1101,-1.6935
41.477,6.1302,5.7421,2.793,-6.1623,13.0964,-1.6717
41.527,6.109,5.7499,2.8243,-6.1642,13.0744,-1.6417
41.577,6.0943,5.7548,2.8435,-6.1656,13.0516,-1.6147
41.627,6.079,5.7596,2.861,-6.1662,13.0352,-1.5975
41.677,6.0554,5.7664,2.8851,-6.1666,13.0185,-1.5815
41.727,6.0393,5.7707,2.9,-6.1666,12.9929,-1.5594
41.778,6.0143,5.7769,2.9201,-6.1662,12.9704,-1.5423
41.828,5.9972,5.7808,2.9325,-6.1657,12.954,-1.5309
41.878,5.9799,5.7845,2.9439,-6.1645,12.9281,-1.5148
41.928,5.9533,5.7897,2.96,-6.1635,12.9112,-1.5048
41.978,5.9353,5.793,2.9703,-6.1622,12.8928,-1.4943
42.029,5.9075,5.7976,2.9851,-6.16,12.8662,-1.4801
42.079,5.8887,5.8005,2.9941,-6.1572,12.8379,-1.4668
42.129,5.8698,5.8032,3.0022,-6.1552,12.8188,-1.4588
42.179,5.841,5.8071,3.0132,-6.1523,12.7941,-1.4494
42.23,5.8217,5.8095,3.0199,-6.1501,12.7762,-1.4431
42.28,5.8022,5.8119,3.026,-6.1464,12.7483,-1.4345
42.33,5.7727,5.8152,3.0343,-6.1436,12.7288,-1.4291
42.381,5.753,5.8173,3.0393,-6.1395,12.7007,-1.422
42.431,5.7231,5.8202,3.0459,-6.1368,12.6823,-1.4178
42.481,5.7031,5.8221,3.0499,-6.1321,12.6525,-1.4119
42.532,5.683,5.8239,3.0534,-6.1289,12.6326,-1.4085
42.582,5.6528,5.8265,3.0577,-6.1239,12.6026,-1.4042
42.632,5.6327,5.8282,3.0603,-6.1212,12.5869,-1.4021
42.682,5.6023,5.8306,3.0638,-6.1163,12.5581,-1.3987
42.732,5.5819,5.8322,3.0659,-6.113,12.5395,-1.3966
42.783,5.5616,5.8337,3.0678,-6.1079,12.5106,-1.3939
42.833,5.5309,5.8359,3.0703,-6.1045,12.4919,-1.3923
42.883,5.5104,5.8374,3.0718,-6.099,12.4615,-1.3899
42.933,5.4795,5.8395,3.0738,-6.0953,12.4413,-1.3885
42.983,5.4589,5.8409,3.0751,-6.0897,12.4108,-1.3865
43.034,5.4383,5.8423,3.0763,-6.0867,12.3949,-1.3855
43.084,5.4073,5.8443,3.0782,-6.0812,12.3658,-1.3836
43.134,5.3867,5.8456,3.0795,-6.0776,12.3469,-1.3823
43.184,5.3556,5.8475,3.0812,-6.072,12.3179,-1.3805
43.234,5.3349,5.8487,3.0823,-6.0681,12.2975,-1.3794
43.285,5.3141,5.8499,3.0832,-6.0624,12.2683,-1.3779
43.335,5.283,5.8517,3.0845,-6.0584,12.2479,-1.3769
43.385,5.2622,5.8529,3.0853,-6.0524,12.2173,-1.3756
43.435,5.231,5.8547,3.0863,-6.0484,12.1968,-1.3748
43.485,5.2101,5.8558,3.0869,-6.0434,12.172,-1.374
43.536,5.1893,5.8569,3.0875,-6.0393,12.1515,-1.3733
43.586,5.158,5.8586,3.0883,-6.0335,12.1222,-1.3725
43.636,5.1372,5.8597,3.0887,-6.0296,12.1032,-1.372
43.686,5.1163,5.8608,3.0891,-6.0237,12.074,-1.3714
43.736,5.085,5.8625,3.0896,-6.0175,12.0432,-1.3708
43.787,5.0641,5.8635,3.0899,-6.0133,12.0227,-1.3704
43.837,5.0328,5.8652,3.0903,-6.0092,12.0022,-1.3701
43.887,5.0119,5.8662,3.0906,-6.0038,11.9758,-1.3697
43.937,4.991,5.8673,3.0908,-5.9978,11.9465,-1.3693
43.987,4.9596,5.8689,3.091,-5.9939,11.9275,-1.369
44.037,4.9387,5.8699,3.0912,-5.9879,11.8981,-1.3687
44.088,4.9073,5.8715,3.0915,-5.984,11.8791,-1.3685
44.138,4.8863,5.8726,3.0916,-5.9798,11.8586,-1.3683
44.188,4.8654,5.8736,3.0918,-5.9735,11.8278,-1.3679
44.238,4.834,5.8752,3.092,-5.9671,11.797,-1.3676
44.289,4.8131,5.8762,3.0922,-5.9638,11.7808,-1.3674
44.339,4.7816,5.8778,3.0924,-5.9577,11.7515,-1.3671
44.389,4.7607,5.8788,3.0925,-5.9538,11.7324,-1.3669
44.439,4.7398,5.8798,3.0926,-5.9477,11.7031,-1.3667
44.489,4.7083,5.8814,3.0928,-5.9435,11.6825,-1.3665
44.54,4.6874,5.8824,3.0929,-5.9374,11.6532,-1.3662
44.59,4.6664,5.8834,3.093,-5.9331,11.6327,-1.366
44.64,4.635,5.8849,3.0931,-5.9267,11.6018,-1.3658
44.69,4.614,5.886,3.0931,-5.9224,11.5813,-1.3657
44.741,4.5826,5.8875,3.0932,-5.9173,11.5563,-1.3655
44.791,4.5616,5.8885,3.0933,-5.913,11.5358,-1.3654
44.841,4.5407,5.8895,3.0933,-5.9069,11.5064,-1.3652
44.891,4.5092,5.891,3.0934,-5.9029,11.4874,-1.3651
44.942,4.4882,5.892,3.0934,-5.8967,11.458,-1.365
44.992,4.4568,5.8936,3.0935,-5.8925,11.4375,-1.3648
45.042,4.4358,5.8946,3.0935,-5.886,11.4066,-1.3647
45.092,4.4149,5.8956,3.0935,-5.8817,11.3861,-1.3645
45.142,4.3834,5.8971,3.0936,-5.8762,11.3597,-1.3644
45.193,4.3624,5.8981,3.0936,-5.8722,11.3406,-1.3643
45.243,4.331,5.8996,3.0936,-5.866,11.3112,-1.3642
45.293,4.31,5.9006,3.0936,-5.862,11.2922,-1.3641
45.343,4.289,5.9016,3.0937,-5.8559,11.2628,-1.3639
45.393,4.2576,5.9031,3.0937,-5.8516,11.2423,-1.3638
45.444,4.2366,5.9041,3.0937,-5.8451,11.2114,-1.3637
45.494,4.2052,5.9056,3.0937,-5.8408,11.1909,-1.3636
45.544,4.1842,5.9066,3.0937,-5.8352,11.1645,-1.3635
45.594,4.1632,5.9076,3.0938,-5.8312,11.1454,-1.3634
45.644,4.1317,5.9092,3.0938,-5.825,11.116,-1.3633
45.695,4.1108,5.9102,3.0938,-5.8207,11.0955,-1.3632
45.745,4.0898,5.9112,3.0938,-5.8145,11.0661,-1.363
45.795,4.0583,5.9127,3.0938,-5.8105,11.0471,-1.3629
45.845,4.0374,5.9137,3.0938,-5.804,11.0162,-1.3628
45.895,4.0059,5.9152,3.0938,-5.7997,10.9957,-1.3627
45.945,3.9849,5.9162,3.0938,-5.7931,10.9649,-1.3625
45.996,3.964,5.9172,3.0938,-5.7897,10.9487,-1.3625
46.046,3.9325,5.9187,3.0938,-5.7835,10.9194,-1.3624
46.096,3.9115,5.9197,3.0938,-5.7795,10.9003,-1.3623
46.146,3.8801,5.9212,3.0939,-5.7733,10.871,-1.3622
46.197,3.8591,5.9222,3.0939,-5.7692,10.8519,-1.3621
46.247,3.8381,5.9232,3.0939,-5.7627,10.8211,-1.362
46.297,3.8066,5.9247,3.0939,-5.7584,10.8005,-1.3619
46.347,3.7857,5.9257,3.0939,-5.7518,10.7697,-1.3617
46.397,3.7542,5.9272,3.0939,-5.7484,10.7536,-1.3616
46.448,3.7332,5.9282,3.0939,-5.7422,10.7242,-1.3615
46.498,3.7123,5.9292,3.0939,-5.7359,10.6949,-1.3614
46.548,3.6808,5.9307,3.0939,-5.7319,10.6758,-1.3613
46.598,3.6598,5.9317,3.0939,-5.7256,10.6465,-1.3612
46.649,3.6284,5.9332,3.0939,-5.7213,10.6259,-1.3612
46.699,3.6074,5.9342,3.0939,-5.7147,10.5951,-1.361
46.749,3.5864,5.9352,3.0939,-5.7103,10.5746,-1.3609
46.799,3.5549,5.9367,3.0939,-5.7047,10.5482,-1.3609
46.849,3.534,5.9377,3.0939,-5.7007,10.5291,-1.3608
46.9,3.5025,5.9392,3.0939,-5.6944,10.4998,-1.3607
46.95,3.4815,5.9402,3.0939,-5.69,10.4792,-1.3606
47.0,3.4605,5.9412,3.0939,-5.6838,10.4499,-1.3604
47.05,3.4291,5.9427,3.0939,-5.6797,10.4308,-1.3603
47.1,3.4081,5.9437,3.0939,-5.6731,10.4,-1.3602
47.151,3.3871,5.9447,3.0939,-5.6687,10.3795,-1.3601
47.201,3.3557,5.9462,3.0939,-5.6621,10.3487,-1.36
47.251,3.3347,5.9472,3.0939,-5.6587,10.3325,-1.3599
47.301,3.3032,5.9487,3.0939,-5.6524,10.3032,-1.3598
47.352,3.2822,5.9497,3.0939,-5.6483,10.2841,-1.3597
47.402,3.2613,5.9507,3.0939,-5.642,10.2548,-1.3596
47.452,3.2298,5.9522,3.0939,-5.6379,10.2357,-1.3595
47.502,3.2088,5.9532,3.0939,-5.6313,10.2049,-1.3594
47.553,3.1774,5.9547,3.0939,-5.6269,10.1844,-1.3592
47.603,3.1564,5.9557,3.0939,-5.6203,10.1536,-1.3591
47.653,3.1354,5.9567,3.0939,-5.6168,10.1375,-1.359
47.703,3.104,5.9582,3.0939,-5.6105,10.1081,-1.359
47.753,3.083,5.9592,3.0939,-5.6064,10.0891,-1.3589
47.804,3.0515,5.9607,3.0939,-5.6001,10.0598,-1.3587
47.854,3.0305,5.9617,3.0939,-5.5957,10.0392,-1.3587
47.904,3.0096,5.9627,3.0939,-5.5894,10.0099,-1.3585
47.954,2.9781,5.9642,3.0939,-5.5849,9.9894,-1.3585
48.004,2.9571,5.9652,3.0939,-5.5783,9.9586,-1.3584
48.055,2.9361,5.9662,3.0939,-5.5739,9.938,-1.3583
48.105,2.9047,5.9677,3.0939,-5.5685,9.9131,-1.3582
48.155,2.8837,5.9687,3.0939,-5.5641,9.8926,-1.3581
48.205,2.8522,5.9702,3.0939,-5.5577,9.8633,-1.358
48.255,2.8313,5.9712,3.0939,-5.5536,9.8442,-1.3579
48.306,2.8103,5.9722,3.0939,-5.5473,9.8149,-1.3578
48.356,2.7788,5.9737,3.0939,-5.5406,9.7841,-1.3577
48.406,2.7578,5.9747,3.0939,-5.5362,9.7636,-1.3576
48.456,2.7264,5.9763,3.0939,-5.5317,9.743,-1.3575
48.506,2.7054,5.9773,3.0939,-5.526,9.7167,-1.3574
48.557,2.6844,5.9783,3.0939,-5.5219,9.6976,-1.3573
48.607,2.653,5.9798,3.0939,-5.5155,9.6683,-1.3572
48.657,2.632,5.9808,3.0939,-5.5092,9.639,-1.357
48.707,2.6005,5.9823,3.0939,-5.505,9.6199,-1.357
48.758,2.5796,5.9833,3.0939,-5.5006,9.5994,-1.3569
48.808,2.5586,5.9843,3.0939,-5.4939,9.5686,-1.3568
48.858,2.5271,5.9858,3.0939,-5.4872,9.5378,-1.3567
48.908,2.5061,5.9868,3.0939,-5.4837,9.5217,-1.3566
48.958,2.4747,5.9883,3.0939,-5.4773,9.4924,-1.3565
49.008,2.4537,5.9893,3.0939,-5.4732,9.4733,-1.3564
49.059,2.4327,5.9903,3.0939,-5.4668,9.444,-1.3563
49.109,2.4013,5.9918,3.0939,-5.4623,9.4235,-1.3562
49.159,2.3803,5.9928,3.0939,-5.4559,9.3942,-1.3561
49.209,2.3593,5.9938,3.0939,-5.4514,9.3737,-1.356
49.259,2.3278,5.9953,3.0939,-5.4447,9.3429,-1.3559
49.309,2.3069,5.9963,3.0939,-5.4402,9.3224,-1.3558
49.36,2.2754,5.9978,3.0939,-5.4348,9.2975,-1.3558
49.41,2.2544,5.9988,3.0939,-5.4303,9.277,-1.3557
49.46,2.2334,5.9998,3.0939,-5.4239,9.2476,-1.3556
49.51,2.202,6.0013,3.0939,-5.4198,9.2286,-1.3555
49.56,2.181,6.0023,3.0939,-5.4133,9.1993,-1.3554
49.611,2.1495,6.0038,3.0939,-5.4089,9.1788,-1.3553
49.661,2.1286,6.0048,3.0939,-5.4021,9.148,-1.3552
49.711,2.1076,6.0058,3.0939,-5.3976,9.1275,-1.3551
49.761,2.0761,6.0073,3.0939,-5.3918,9.1011,-1.355
49.811,2.0551,6.0083,3.0939,-5.3877,9.0821,-1.355
49.862,2.0237,6.0098,3.0939,-5.3812,9.0528,-1.3548
49.912,2.0027,6.0108,3.0939,-5.3771,9.0337,-1.3547
49.962,1.9817,6.0118,3.0939,-5.3706,9.0044,-1.3545
50.012,1.9503,6.0133,3.0939,-5.3661,8.9839,-1.3545
50.062,1.9293,6.0143,3.0939,-5.3594,8.9531,-1.3544
50.113,1.9083,6.0153,3.0939,-5.3548,8.9326,-1.3543
50.163,1.8769,6.0168,3.0939,-5.349,8.9063,-1.3542
50.213,1.8559,6.0178,3.0939,-5.3449,8.8872,-1.3542
50.263,1.8244,6.0193,3.0939,-5.3384,8.8579,-1.354
50.313,1.8034,6.0203,3.0939,-5.3339,8.8374,-1.354
50.363,1.7825,6.0213,3.0939,-5.3274,8.8081,-1.3538
50.414,1.751,6.0228,3.0939,-5.3232,8.7891,-1.3537
50.464,1.73,6.0238,3.0939,-5.3165,8.7583,-1.3536
50.514,1.6986,6.0253,3.0939,-5.3119,8.7378,-1.3536
50.564,1.6776,6.0263,3.0939,-5.3051,8.707,-1.3534
50.614,1.6566,6.0273,3.0939,-5.3016,8.6909,-1.3534
50.665,1.6251,6.0288,3.0939,-5.2951,8.6616,-1.3532
50.715,1.6042,6.0298,3.0939,-5.2909,8.6426,-1.3532
50.765,1.5727,6.0313,3.0939,-5.2844,8.6133,-1.353
50.815,1.5517,6.0323,3.0939,-5.2802,8.5943,-1.353
50.865,1.5307,6.0333,3.0939,-5.2734,8.5635,-1.3529
50.916,1.4993,6.0348,3.0939,-5.2689,8.543,-1.3528
50.966,1.4783,6.0358,3.0939,-5.262,8.5123,-1.3527
51.016,1.4573,6.0368,3.0939,-5.2585,8.4961,-1.3526
51.066,1.4259,6.0383,3.0939,-5.252,8.4669,-1.3525
51.117,1.4049,6.0393,3.0939,-5.2455,8.4376,-1.3524
51.167,1.3734,6.0408,3.0939,-5.2412,8.4185,-1.3524
51.217,1.3524,6.0418,3.0939,-5.2367,8.398,-1.3523
51.267,1.3315,6.0428,3.0939,-5.2302,8.3687,-1.3522
51.317,1.3,6.0443,3.0939,-5.2234,8.338,-1.3521
51.368,1.279,6.0453,3.0939,-5.2188,8.3175,-1.352
51.418,1.2476,6.0468,3.0939,-5.2129,8.2911,-1.3519
51.468,1.2266,6.0478,3.0939,-5.2087,8.2721,-1.3518
51.518,1.2056,6.0488,3.0939,-5.2041,8.2516,-1.3517
51.568,1.1742,6.0503,3.0939,-5.1976,8.2223,-1.3516
51.621,1.1532,6.0513,3.0939,-5.1911,8.193,-1.3514
51.671,1.1217,6.0528,3.0939,-5.1868,8.174,-1.3513
51.722,1.1007,6.0538,3.0939,-5.18,8.1433,-1.3512
51.772,1.0693,6.0553,3.0939,-5.1754,8.1228,-1.3511
51.822,1.0483,6.0563,3.0939,-5.1685,8.092,-1.351
51.872,1.0273,6.0573,3.0939,-5.165,8.0759,-1.351
51.922,0.9959,6.0588,3.0939,-5.1584,8.0466,-1.3508
51.973,0.9749,6.0598,3.0939,-5.1542,8.0276,-1.3507
52.023,0.9539,6.0608,3.0939,-5.1476,7.9983,-1.3506
52.073,0.9224,6.0623,3.0939,-5.1433,7.9793,-1.3505
52.123,0.9015,6.0633,3.0939,-5.1365,7.9486,-1.3504
52.173,0.87,6.0648,3.0939,-5.1319,7.9281,-1.3503
52.224,0.849,6.0658,3.0939,-5.125,7.8973,-1.3502
52.274,0.828,6.0668,3.0939,-5.1214,7.8812,-1.3502
52.324,0.7966,6.0683,3.0939,-5.1148,7.852,-1.3501
52.374,0.7756,6.0693,3.0939,-5.1105,7.8329,-1.35
52.424,0.7441,6.0708,3.0939,-5.104,7.8037,-1.3498
52.475,0.7232,6.0718,3.0939,-5.0994,7.7832,-1.3498
52.525,0.7022,6.0728,3.0939,-5.0928,7.7539,-1.3496
52.575,0.6707,6.0743,3.0939,-5.0882,7.7334,-1.3495
52.625,0.6497,6.0753,3.0939,-5.0813,7.7027,-1.3494
52.675,0.6183,6.0768,3.0939,-5.0766,7.6822,-1.3493
52.726,0.5973,6.0778,3.0939,-5.071,7.6573,-1.3492
52.776,0.5763,6.0788,3.0939,-5.0664,7.6368,-1.3492
52.826,0.5449,6.0803,3.0939,-5.0598,7.6076,-1.349
52.876,0.5239,6.0813,3.0939,-5.0555,7.5886,-1.349
52.926,0.5029,6.0823,3.0939,-5.0489,7.5593,-1.3488
52.977,0.4715,6.0838,3.0939,-5.0443,7.5388,-1.3487
53.027,0.4505,6.0848,3.0939,-5.0374,7.5081,-1.3486
53.077,0.419,6.0863,3.0939,-5.0327,7.4876,-1.3485
53.127,0.398,6.0874,3.0939,-5.0268,7.4613,-1.3484
53.177,0.3771,6.0884,3.0939,-5.0202,7.432,-1.3483
53.228,0.3456,6.0899,3.0939,-5.0159,7.413,-1.3482
53.278,0.3246,6.0909,3.0939,-5.0092,7.3837,-1.3481
53.328,0.2932,6.0924,3.0939,-5.0049,7.3647,-1.348
53.378,0.2722,6.0934,3.0939,-4.998,7.334,-1.3479
53.428,0.2512,6.0944,3.0939,-4.9933,7.3135,-1.3478
53.478,0.2197,6.0959,3.0939,-4.9864,7.2828,-1.3477
53.529,0.1988,6.0969,3.0939,-4.9827,7.2667,-1.3477
53.579,0.1673,6.0984,3.0939,-4.9761,7.2374,-1.3475
53.629,0.1463,6.0994,3.0939,-4.9718,7.2184,-1.3475
53.679,0.1253,6.1004,3.0939,-4.9651,7.1892,-1.3474
53.729,0.0939,6.1019,3.0939,-4.9605,7.1687,-1.3473
53.78,0.0729,6.1029,3.0939,-4.9538,7.1394,-1.3472
53.83,0.0414,6.1044,3.0939,-4.9492,7.119,-1.3471
53.88,0.0205,6.1054,3.0939,-4.9422,7.0882,-1.347
53.93,-0.0005,6.1064,3.0939,-4.9375,7.0678,-1.3469
53.98,-0.032,6.1079,3.0939,-4.9318,7.0429,-1.3468
54.031,-0.053,6.1089,3.0939,-4.9272,7.0224,-1.3467
54.081,-0.0739,6.1099,3.0939,-4.9205,6.9932,-1.3466
54.131,-0.1054,6.1114,3.0939,-4.9162,6.9742,-1.3465
54.181,-0.1264,6.1124,3.0939,-4.9095,6.9449,-1.3464
54.232,-0.1578,6.1139,3.0939,-4.9048,6.9244,-1.3463
54.282,-0.1788,6.1149,3.0939,-4.8978,6.8937,-1.3462
54.332,-0.1998,6.1159,3.0939,-4.8931,6.8733,-1.3461
54.382,-0.2312,6.1174,3.0939,-4.8871,6.8469,-1.346
54.432,-0.2522,6.1184,3.0939,-4.8828,6.8279,-1.3459
54.483,-0.2732,6.1194,3.0939,-4.8761,6.7987,-1.3458
54.533,-0.3047,6.1209,3.0939,-4.8717,6.7797,-1.3458
54.583,-0.3256,6.1219,3.0939,-4.865,6.7504,-1.3457
54.633,-0.3571,6.1234,3.0939,-4.8603,6.73,-1.3456
54.684,-0.3781,6.1244,3.0939,-4.8533,6.6993,-1.3455
54.734,-0.3991,6.1254,3.0939,-4.8486,6.6788,-1.3454
54.784,-0.4305,6.1269,3.0939,-4.8426,6.6525,-1.3453
54.834,-0.4515,6.1279,3.0939,-4.8382,6.6335,-1.3452
54.884,-0.483,6.1294,3.0939,-4.8315,6.6042,-1.3451
54.934,-0.5039,6.1304,3.0939,-4.8268,6.5838,-1.345
54.985,-0.5249,6.1314,3.0939,-4.8201,6.5545,-1.3449
55.035,-0.5564,6.1329,3.0939,-4.8157,6.5355,-1.3449
55.085,-0.5774,6.1339,3.0939,-4.8087,6.5048,-1.3447
55.135,-0.6088,6.1354,3.0939,-4.804,6.4844,-1.3447
55.185,-0.6298,6.1364,3.0939,-4.7969,6.4537,-1.3445
55.236,-0.6508,6.1374,3.0939,-4.7932,6.4376,-1.3445
55.286,-0.6822,6.1389,3.0939,-4.7865,6.4083,-1.3443
55.336,-0.7032,6.1399,3.0939,-4.7821,6.3893,-1.3443
55.386,-0.7242,6.1409,3.0939,-4.7753,6.3601,-1.3442
55.436,-0.7557,6.1424,3.0939,-4.771,6.3411,-1.3441
55.487,-0.7766,6.1434,3.0939,-4.7662,6.3206,-1.3441
55.537,-0.8081,6.1449,3.0939,-4.7592,6.2899,-1.3439
55.587,-0.8291,6.1459,3.0939,-4.7521,6.2593,-1.3438
55.637,-0.85,6.1469,3.0939,-4.7484,6.2432,-1.3437
55.687,-0.8815,6.1484,3.0939,-4.7416,6.2139,-1.3436
55.737,-0.9025,6.1494,3.0939,-4.7372,6.1949,-1.3435
55.788,-0.934,6.1509,3.0939,-4.7304,6.1657,-1.3434
55.838,-0.9549,6.1519,3.0939,-4.7257,6.1453,-1.3434
55.888,-0.9759,6.1529,3.0939,-4.7189,6.116,-1.3432
55.938,-1.0074,6.1544,3.0939,-4.7142,6.0956,-1.3431
55.989,-1.0283,6.1554,3.0939,-4.7071,6.0649,-1.343
56.039,-1.0598,6.1569,3.0939,-4.7024,6.0444,-1.343
56.089,-1.0808,6.1579,3.0939,-4.6966,6.0196,-1.3429
56.139,-1.1018,6.1589,3.0939,-4.6918,5.9991,-1.3428
56.19,-1.1332,6.1604,3.0939,-4.6851,5.9699,-1.3427
56.24,-1.1542,6.1614,3.0939,-4.6807,5.9509,-1.3426
56.29,-1.1752,6.1624,3.0939,-4.6728,5.9173,-1.3424
56.34,-1.2066,6.1639,3.0939,-4.6667,5.891,-1.3423
56.39,-1.2276,6.1649,3.0939,-4.662,5.8706,-1.3422
56.441,-1.2591,6.1664,3.0939,-4.6572,5.8501,-1.3422
56.491,-1.2801,6.1674,3.0939,-4.6511,5.8238,-1.342
56.541,-1.301,6.1684,3.0939,-4.6443,5.7946,-1.3419
56.592,-1.3325,6.1699,3.0939,-4.6399,5.7756,-1.3418
56.642,-1.3535,6.1709,3.0939,-4.6331,5.7464,-1.3417
56.692,-1.3849,6.1724,3.0939,-4.6286,5.7274,-1.3417
56.742,-1.4059,6.1734,3.0939,-4.6215,5.6967,-1.3415
56.792,-1.4269,6.1744,3.0939,-4.6167,5.6763,-1.3415
56.843,-1.4584,6.1759,3.0939,-4.6095,5.6456,-1.3414
56.893,-1.4793,6.1769,3.0939,-4.6058,5.6295,-1.3413
56.943,-1.5108,6.1784,3.0939,-4.599,5.6003,-1.3412
56.993,-1.5318,6.1794,3.0939,-4.5945,5.5813,-1.3411
57.043,-1.5527,6.1804,3.0939,-4.5877,5.5521,-1.341
57.094,-1.5842,6.1819,3.0939,-4.5829,5.5317,-1.341
57.144,-1.6052,6.1829,3.0939,-4.5761,5.5025,-1.3408
57.194,-1.6367,6.1844,3.0939,-4.5713,5.482,-1.3407
57.244,-1.6576,6.1854,3.0939,-4.5641,5.4513,-1.3406
57.294,-1.6786,6.1864,3.0939,-4.5593,5.4309,-1.3405
57.345,-1.7101,6.1879,3.0939,-4.5535,5.4061,-1.3404
57.395,-1.731,6.1889,3.0939,-4.5487,5.3856,-1.3403
57.445,-1.7625,6.1904,3.0939,-4.5418,5.3564,-1.3402
57.495,-1.7835,6.1914,3.0939,-4.5374,5.3374,-1.3401
57.546,-1.8045,6.1924,3.0939,-4.5305,5.3082,-1.34
57.596,-1.8359,6.1939,3.0939,-4.5257,5.2878,-1.3399
57.646,-1.8569,6.1949,3.0939,-4.5185,5.2571,-1.3397
57.696,-1.8779,6.1959,3.0939,-4.5137,5.2367,-1.3396
57.747,-1.9093,6.1974,3.0939,-4.5075,5.2104,-1.3395
57.797,-1.9303,6.1985,3.0939,-4.503,5.1914,-1.3395
57.847,-1.9618,6.2,3.0939,-4.4961,5.1622,-1.3393
57.897,-1.9828,6.201,3.0939,-4.4917,5.1432,-1.3392
57.947,-2.0037,6.202,3.0939,-4.4848,5.114,-1.3391
57.998,-2.0352,6.2035,3.0939,-4.48,5.0936,-1.3391
58.048,-2.0562,6.2045,3.0939,-4.4727,5.0629,-1.339
58.098,-2.0876,6.206,3.0939,-4.4679,5.0425,-1.3389
58.148,-2.1086,6.207,3.0939,-4.4617,5.0162,-1.3388
58.199,-2.1296,6.208,3.0939,-4.4572,4.9972,-1.3387
58.249,-2.1611,6.2095,3.0939,-4.4503,4.968,-1.3386
58.299,-2.182,6.2105,3.0939,-4.4455,4.9476,-1.3385
58.349,-2.2135,6.212,3.0939,-4.4386,4.9184,-1.3384
58.399,-2.2345,6.213,3.0939,-4.4341,4.8994,-1.3383
58.449,-2.2554,6.214,3.0939,-4.4268,4.8688,-1.3382
58.5,-2.2869,6.2155,3.0939,-4.422,4.8484,-1.3381
58.55,-2.3079,6.2165,3.0939,-4.4147,4.8177,-1.338
58.6,-2.3394,6.218,3.0939,-4.4109,4.8016,-1.3379
58.65,-2.3603,6.219,3.0939,-4.404,4.7725,-1.3378
58.7,-2.3813,6.22,3.0939,-4.3995,4.7535,-1.3377
58.751,-2.4128,6.2215,3.0939,-4.3925,4.7243,-1.3377
58.801,-2.4337,6.2225,3.0939,-4.3856,4.6951,-1.3375
58.851,-2.4547,6.2235,3.0939,-4.3808,4.6747,-1.3374
58.901,-2.4862,6.225,3.0939,-4.3759,4.6542,-1.3373
58.951,-2.5072,6.226,3.0939,-4.3686,4.6236,-1.3372
59.002,-2.5386,6.2275,3.0939,-4.3624,4.5973,-1.3371
59.052,-2.5596,6.2285,3.0939,-4.3578,4.5784,-1.337
59.102,-2.5806,6.2295,3.0939,-4.3509,4.5492,-1.3369
59.152,-2.612,6.231,3.0939,-4.3464,4.5302,-1.3368
59.202,-2.633,6.232,3.0939,-4.3394,4.501,-1.3367
59.252,-2.6645,6.2335,3.0939,-4.3345,4.4806,-1.3366
59.303,-2.6855,6.2345,3.0939,-4.3272,4.45,-1.3365
59.353,-2.7064,6.2355,3.0939,-4.3224,4.4295,-1.3364
59.403,-2.7379,6.237,3.0939,-4.3161,4.4033,-1.3363
59.453,-2.7589,6.238,3.0939,-4.3116,4.3843,-1.3362
59.503,-2.7903,6.2395,3.0939,-4.3046,4.3551,-1.3361
59.554,-2.8113,6.2405,3.0939,-4.2997,4.3347,-1.336
59.604,-2.8323,6.2415,3.0939,-4.2927,4.3055,-1.3359
59.654,-2.8638,6.243,3.0939,-4.2882,4.2866,-1.3359
59.704,-2.8847,6.244,3.0939,-4.2808,4.2559,-1.3358
59.754,-2.9057,6.245,3.0939,-4.276,4.2355,-1.3357
59.805,-2.9372,6.2465,3.0939,-4.2686,4.2049,-1.3356
59.855,-2.9581,6.2475,3.0939,-4.2648,4.1888,-1.3355
59.905,-2.9896,6.249,3.0939,-4.2578,4.1597,-1.3353
59.955,-3.0106,6.25,3.0939,-4.2532,4.1407,-1.3353
60.006,-3.0316,6.251,3.0939,-4.2462,4.1115,-1.3352
60.056,-3.063,6.2525,3.0939,-4.2417,4.0926,-1.3351
60.106,-3.084,6.2535,3.0939,-4.2343,4.0619,-1.335
60.156,-3.1155,6.255,3.0939,-4.2294,4.0415,-1.3349
60.206,-3.1364,6.256,3.0939,-4.222,4.0109,-1.3348
60.257,-3.1574,6.257,3.0939,-4.2182,3.9948,-1.3347
60.307,-3.1889,6.2585,3.0939,-4.2112,3.9657,-1.3347
60.357,-3.2099,6.2595,3.0939,-4.2066,3.9467,-1.3346
60.407,-3.2413,6.261,3.0939,-4.1996,3.9176,-1.3344
60.458,-3.2623,6.262,3.0939,-4.1947,3.8971,-1.3343
60.508,-3.2833,6.263,3.0939,-4.1876,3.868,-1.3342
60.558,-3.3147,6.2645,3.0939,-4.1827,3.8476,-1.3341
60.608,-3.3357,6.2655,3.0939,-4.1753,3.8169,-1.334
60.659,-3.3672,6.267,3.0939,-4.1704,3.7965,-1.3339
60.709,-3.3882,6.268,3.0939,-4.1644,3.7717,-1.3338
60.759,-3.4091,6.269,3.0939,-4.1595,3.7513,-1.3337
60.809,-3.4406,6.2705,3.0939,-4.1524,3.7222,-1.3336
60.859,-3.4616,6.2715,3.0939,-4.1479,3.7032,-1.3335
60.91,-3.4826,6.2725,3.0939,-4.1408,3.6741,-1.3333
60.96,-3.514,6.274,3.0939,-4.1334,3.6434,-1.3333
61.01,-3.535,6.275,3.0939,-4.1284,3.623,-1.3332
61.06,-3.5665,6.2765,3.0939,-4.1235,3.6026,-1.3331
61.11,-3.5874,6.2775,3.0939,-4.1171,3.5764,-1.333
61.16,-3.6084,6.2785,3.0939,-4.1101,3.5472,-1.3329
61.211,-3.6399,6.28,3.0939,-4.1055,3.5283,-1.3328
61.261,-3.6608,6.281,3.0939,-4.0984,3.4991,-1.3327
61.311,-3.6923,6.2825,3.0939,-4.0938,3.4802,-1.3326
61.361,-3.7133,6.2835,3.0939,-4.0864,3.4496,-1.3325
61.412,-3.7343,6.2845,3.0939,-4.0814,3.4291,-1.3324
61.462,-3.7657,6.286,3.0939,-4.074,3.3985,-1.3323
61.512,-3.7867,6.287,3.0939,-4.0701,3.3825,-1.3322
61.562,-3.8182,6.2885,3.0939,-4.063,3.3534,-1.3321
61.612,-3.8391,6.2895,3.0939,-4.0584,3.3344,-1.3321
61.663,-3.8601,6.2905,3.0939,-4.0513,3.3053,-1.332
61.713,-3.8916,6.292,3.0939,-4.0463,3.2849,-1.3319
61.763,-3.9126,6.293,3.0939,-4.0392,3.2557,-1.3318
61.813,-3.944,6.2945,3.0939,-4.0342,3.2353,-1.3317
61.863,-3.965,6.2955,3.0939,-4.0268,3.2047,-1.3315
61.914,-3.986,6.2965,3.0939,-4.0218,3.1843,-1.3315
61.964,-4.0174,6.298,3.0939,-4.0158,3.1595,-1.3314
62.014,-4.0384,6.299,3.0939,-4.0108,3.1391,-1.3313
62.064,-4.0594,6.3,3.0939,-4.0037,3.11,-1.3312
62.114,-4.0909,6.3015,3.0939,-3.999,3.091,-1.3312
62.165,-4.1118,6.3025,3.0939,-3.9919,3.0619,-1.331
62.215,-4.1433,6.304,3.0939,-3.9869,3.0415,-1.331
62.265,-4.1643,6.305,3.0939,-3.9794,3.0109,-1.3309
62.315,-4.1853,6.306,3.0939,-3.9744,2.9905,-1.3308
62.365,-4.2167,6.3075,3.0939,-3.968,2.9643,-1.3307
62.416,-4.2377,6.3085,3.0939,-3.9634,2.9453,-1.3306
62.466,-4.2692,6.3101,3.0939,-3.9562,2.9162,-1.3305
62.516,-4.2901,6.3111,3.0939,-3.9516,2.8973,-1.3304
62.566,-4.3111,6.3121,3.0939,-3.9445,2.8681,-1.3303
62.616,-4.3426,6.3136,3.0939,-3.9395,2.8477,-1.3302
62.667,-4.3635,6.3146,3.0939,-3.9319,2.8171,-1.3301
62.717,-4.395,6.3161,3.0939,-3.9277,2.7997,-1.33
62.767,-4.416,6.3171,3.0939,-3.9205,2.7705,-1.3299
62.817,-4.437,6.3181,3.0939,-3.9158,2.7516,-1.3298
62.867,-4.4684,6.3196,3.0939,-3.9087,2.7225,-1.3297
62.918,-4.4894,6.3206,3.0939,-3.9037,2.7021,-1.3296
62.968,-4.5104,6.3216,3.0939,-3.8965,2.6729,-1.3295
63.018,-4.5418,6.3231,3.0939,-3.8918,2.654,-1.3294
63.068,-4.5628,6.3241,3.0939,-3.8843,2.6234,-1.3293
63.119,-4.5943,6.3256,3.0939,-3.8793,2.603,-1.3292
63.169,-4.6153,6.3266,3.0939,-3.8718,2.5724,-1.3291
63.219,-4.6362,6.3276,3.0939,-3.8678,2.5564,-1.329
63.269,-4.6677,6.3291,3.0939,-3.8606,2.5273,-1.3289
63.32,-4.6887,6.3301,3.0939,-3.8559,2.5084,-1.3289
63.37,-4.7201,6.3316,3.0939,-3.8488,2.4792,-1.3288
63.42,-4.7411,6.3326,3.0939,-3.8416,2.4501,-1.3287
63.47,-4.7621,6.3336,3.0939,-3.8365,2.4297,-1.3286
63.52,-4.7936,6.3351,3.0939,-3.8315,2.4093,-1.3285
63.571,-4.8145,6.3361,3.0939,-3.8239,2.3787,-1.3284
63.621,-4.846,6.3376,3.0939,-3.8175,2.3525,-1.3284
63.671,-4.867,6.3386,3.0939,-3.8128,2.3336,-1.3283
63.721,-4.888,6.3396,3.0939,-3.8056,2.3045,-1.3281
63.772,-4.9194,6.3411,3.0939,-3.8009,2.2856,-1.3281
63.822,-4.9404,6.3421,3.0939,-3.7937,2.2564,-1.328
63.872,-4.9719,6.3436,3.0939,-3.7886,2.236,-1.3279
63.922,-4.9928,6.3446,3.0939,-3.781,2.2055,-1.3278
63.972,-5.0138,6.3456,3.0939,-3.776,2.1851,-1.3277
64.023,-5.0453,6.3471,3.0939,-3.7695,2.1589,-1.3276
64.073,-5.0662,6.3481,3.0939,-3.7648,2.14,-1.3275
64.123,-5.0977,6.3496,3.0939,-3.7576,2.1108,-1.3274
64.173,-5.1187,6.3506,3.0939,-3.7525,2.0905,-1.3273
64.223,-5.1397,6.3516,3.0939,-3.7453,2.0613,-1.3271
64.274,-5.1711,6.3531,3.0939,-3.7406,2.0424,-1.327
64.324,-5.1921,6.3541,3.0939,-3.733,2.0119,-1.3269
64.374,-5.2131,6.3551,3.0939,-3.7279,1.9915,-1.3268
64.424,-5.2445,6.3566,3.0939,-3.7203,1.9609,-1.3267
64.475,-5.2655,6.3576,3.0939,-3.7163,1.9449,-1.3266
64.525,-5.297,6.3591,3.0939,-3.709,1.9158,-1.3265
64.575,-5.318,6.3601,3.0939,-3.7043,1.8969,-1.3264
64.626,-5.3389,6.3611,3.0939,-3.6971,1.8678,-1.3263
64.676,-5.3704,6.3626,3.0939,-3.6923,1.8488,-1.3262
64.726,-5.3914,6.3636,3.0939,-3.6847,1.8183,-1.3261
64.776,-5.4228,6.3651,3.0939,-3.6796,1.7979,-1.326
64.826,-5.4438,6.3661,3.0939,-3.672,1.7673,-1.326
64.877,-5.4648,6.3671,3.0939,-3.668,1.7513,-1.3259
64.927,-5.4963,6.3686,3.0939,-3.6607,1.7222,-1.3258
64.977,-5.5172,6.3696,3.0939,-3.656,1.7033,-1.3257
65.027,-5.5487,6.3711,3.0939,-3.6487,1.6742,-1.3256
65.077,-5.5697,6.3721,3.0939,-3.6436,1.6538,-1.3255
65.128,-5.5907,6.3731,3.0939,-3.6363,1.6247,-1.3254
65.178,-5.6221,6.3746,3.0939,-3.6312,1.6044,-1.3253
65.228,-5.6431,6.3756,3.0939,-3.6236,1.5738,-1.3252
65.278,-5.6746,6.3771,3.0939,-3.6184,1.5534,-1.3251
65.329,-5.6955,6.3781,3.0939,-3.6122,1.5287,-1.325
65.379,-5.7165,6.3791,3.0939,-3.6071,1.5083,-1.3249
65.429,-5.748,6.3806,3.0939,-3.5998,1.4792,-1.3248
65.48,-5.7689,6.3816,3.0939,-3.5951,1.4603,-1.3247
65.53,-5.7899,6.3826,3.0939,-3.5878,1.4312,-1.3246
65.58,-5.8214,6.3841,3.0939,-3.5801,1.4007,-1.3245
65.631,-5.8424,6.3851,3.0939,-3.575,1.3803,-1.3244
65.681,-5.8738,6.3866,3.0939,-3.5698,1.36,-1.3243
65.731,-5.8948,6.3876,3.0939,-3.5633,1.3338,-1.3242
65.782,-5.9158,6.3886,3.0939,-3.5559,1.3047,-1.3242
65.832,-5.9472,6.3901,3.0939,-3.5512,1.2858,-1.3241
65.882,-5.9682,6.3911,3.0939,-3.5438,1.2567,-1.324
65.932,-5.9997,6.3926,3.0939,-3.5391,1.2378,-1.3239
65.983,-6.0207,6.3936,3.0939,-3.5314,1.2072,-1.3238
66.033,-6.0416,6.3946,3.0939,-3.5262,1.1869,-1.3237
66.083,-6.0731,6.3961,3.0939,-3.5185,1.1563,-1.3236
66.133,-6.0941,6.3971,3.0939,-3.5145,1.1403,-1.3235
66.183,-6.1255,6.3986,3.0939,-3.5072,1.1112,-1.3234
66.234,-6.1465,6.3996,3.0939,-3.5024,1.0923,-1.3233
66.284,-6.1675,6.4006,3.0939,-3.495,1.0632,-1.3233
66.334,-6.199,6.4021,3.0939,-3.4899,1.0429,-1.3232
66.385,-6.2199,6.4031,3.0939,-3.4825,1.0138,-1.3231
66.435,-6.2514,6.4046,3.0939,-3.4774,0.9934,-1.323
66.485,-6.2724,6.4056,3.0939,-3.4697,0.9629,-1.3228
66.535,-6.2934,6.4066,3.0939,-3.4645,0.9425,-1.3227
66.586,-6.3248,6.4081,3.0939,-3.4582,0.9178,-1.3227
66.636,-6.3458,6.4091,3.0939,-3.4531,0.8975,-1.3226
66.686,-6.3773,6.4106,3.0939,-3.4457,0.8684,-1.3225
66.736,-6.3982,6.4116,3.0939,-3.4409,0.8495,-1.3224
66.786,-6.4192,6.4126,3.0939,-3.4335,0.8204,-1.3223
66.837,-6.4507,6.4141,3.0939,-3.4284,0.8001,-1.3222
66.887,-6.4716,6.4151,3.0939,-3.4206,0.7695,-1.3221
66.937,-6.5031,6.4166,3.0939,-3.4155,0.7492,-1.322
66.987,-6.5241,6.4176,3.0939,-3.4088,0.723,-1.3219
67.037,-6.5451,6.4186,3.0939,-3.404,0.7041,-1.3218
67.088,-6.5765,6.4201,3.0939,-3.3966,0.675,-1.3216
67.138,-6.5975,6.4211,3.0939,-3.3918,0.6561,-1.3216
67.188,-6.6185,6.4222,3.0939,-3.3844,0.6271,-1.3215
67.238,-6.6499,6.4237,3.0939,-3.3792,0.6067,-1.3214
67.289,-6.6709,6.4247,3.0939,-3.3714,0.5762,-1.3213
67.339,-6.7024,6.4262,3.0939,-3.3662,0.5558,-1.3213
67.389,-6.7234,6.4272,3.0939,-3.3596,0.5297,-1.3211
67.439,-6.7443,6.4282,3.0939,-3.3548,0.5108,-1.3211
67.49,-6.7758,6.4297,3.0939,-3.3473,0.4817,-1.3209
67.54,-6.7968,6.4307,3.0939,-3.3422,0.4614,-1.3208
67.59,-6.8178,6.4317,3.0939,-3.3347,0.4323,-1.3207
67.64,-6.8492,6.4332,3.0939,-3.3299,0.4134,-1.3207
67.69,-6.8702,6.4342,3.0939,-3.3221,0.3829,-1.3206
67.741,-6.9017,6.4357,3.0939,-3.3169,0.3625,-1.3205
67.791,-6.9226,6.4367,3.0939,-3.3091,0.332,-1.3203
67.841,-6.9436,6.4377,3.0939,-3.305,0.316,-1.3203
67.892,-6.9751,6.4392,3.0939,-3.2976,0.287,-1.3201
67.942,-6.9961,6.4402,3.0939,-3.2927,0.2681,-1.3201
67.992,-7.0275,6.4417,3.0939,-3.2853,0.239,-1.3199
68.042,-7.0485,6.4427,3.0939,-3.2804,0.2201,-1.3198
68.093,-7.0695,6.4437,3.0939,-3.2726,0.1896,-1.3197
68.143,-7.1009,6.4452,3.0939,-3.2674,0.1693,-1.3196
68.193,-7.1219,6.4462,3.0939,-3.2596,0.1388,-1.3194
68.244,-7.1534,6.4477,3.0939,-3.2555,0.1228,-1.3193
68.294,-7.1732,6.4485,3.094,-3.2491,0.0978,-1.3191
68.344,-7.1849,6.449,3.098,-3.2467,0.089,-1.3072
68.394,-7.1953,6.4493,3.1278,-3.2451,0.0832,-1.2865
68.445,-7.2016,6.4493,3.1507,-3.2433,0.0771,-1.2636
68.495,-7.2078,6.4492,3.1739,-3.2404,0.0685,-1.2302
68.545,-7.2171,6.4488,3.2096,-3.2382,0.0625,-1.2064
68.595,-7.2231,6.4483,3.2337,-3.2347,0.0538,-1.1699
68.646,-7.232,6.4474,3.2704,-3.2322,0.048,-1.1454
68.696,-7.2379,6.4466,3.2949,-3.229,0.0411,-1.1155
68.746,-7.2436,6.4456,3.3194,-3.225,0.033,-1.0804
68.796,-7.252,6.444,3.3563,-3.2219,0.0275,-1.0557
68.846,-7.2574,6.4427,3.3812,-3.2174,0.0197,-1.02
68.897,-7.2655,6.4406,3.4188,-3.2143,0.0148,-0.9966
68.947,-7.2708,6.439,3.444,-3.2091,0.0069,-0.9587
68.997,-7.2761,6.4373,3.4692,-3.2054,0.0018,-0.9334
69.047,-7.2839,6.4345,3.507,-3.1997,-0.0057,-0.8955
69.098,-7.2891,6.4324,3.5322,-3.1966,-0.0095,-0.8756
69.148,-7.2967,6.4291,3.57,-3.1907,-0.0164,-0.8395
69.198,-7.3017,6.4268,3.5952,-3.1868,-0.0207,-0.816
69.248,-7.3067,6.4243,3.6204,-3.1805,-0.0272,-0.7799
69.298,-7.314,6.4203,3.6582,-3.1763,-0.0313,-0.7564
69.349,-7.3188,6.4175,3.6834,-3.1694,-0.0377,-0.7185
69.399,-7.3258,6.4131,3.7212,-3.1646,-0.0418,-0.6932
69.449,-7.3306,6.4099,3.7464,-3.157,-0.0479,-0.6553
69.499,-7.3355,6.4064,3.7716,-3.1528,-0.051,-0.6355
69.55,-7.3433,6.4005,3.8094,-3.1444,-0.0571,-0.5993
69.6,-7.3488,6.3961,3.8346,-3.1385,-0.0611,-0.5759
69.65,-7.3545,6.3912,3.8598,-3.1284,-0.0675,-0.5397
69.7,-7.3634,6.3831,3.8976,-3.1209,-0.0719,-0.5144
69.751,-7.3695,6.3773,3.9229,-3.1094,-0.0783,-0.4782
69.801,-7.3791,6.3674,3.9609,-3.1007,-0.0827,-0.4528
69.851,-7.3856,6.3603,3.9865,-3.0867,-0.0893,-0.4144
69.901,-7.3923,6.3526,4.012,-3.0767,-0.0936,-0.3887
69.951,-7.4025,6.3402,4.0509,-3.064,-0.0986,-0.357
70.002,-7.4094,6.3312,4.0774,-3.053,-0.1026,-0.3304
70.052,-7.4199,6.3165,4.1177,-3.0362,-0.1081,-0.2919
70.102,-7.4269,6.306,4.1451,-3.0248,-0.1115,-0.2663
70.152,-7.4339,6.2948,4.1727,-3.0061,-0.1162,-0.2269
70.203,-7.4443,6.2769,-2.0691,-2.9926,-0.1193,-0.1991
70.253,-7.4511,6.2643,-2.042,-2.9712,-0.1232,-0.1588
70.303,-7.4611,6.244,-2.0046,-2.9562,-0.1255,-0.1339
70.353,-7.4676,6.2298,-1.9819,-2.9365,-0.1279,-0.1048
70.404,-7.4738,6.215,-1.9619,-2.9215,-0.1294,-0.0861
70.454,-7.4829,6.1923,-1.9351,-2.8979,-0.1312,-0.0606
70.504,-7.4887,6.1767,-1.9194,-2.8822,-0.1321,-0.046
70.554,-7.4944,6.1607,-1.9055,-2.8574,-0.133,-0.0261
70.604,-7.5027,6.1362,-1.8862,-2.8398,-0.1334,-0.0132
70.655,-7.508,6.1195,-1.8743,-2.813,-0.1335,0.0046
70.705,-7.5158,6.0938,-1.8582,-2.7948,-0.1334,0.0153
70.755,-7.5209,6.0763,-1.8484,-2.7712,-0.1329,0.0281
70.805,-7.5259,6.0586,-1.8394,-2.7539,-0.1323,0.0365
70.855,-7.5333,6.0317,-1.8269,-2.7271,-0.1312,0.0485
70.906,-7.5381,6.0135,-1.8191,-2.7082,-0.1303,0.0565
70.956,-7.5451,5.9856,-1.808,-2.6809,-0.1286,0.0672
71.006,-7.5496,5.9668,-1.8009,-2.663,-0.1273,0.074
71.056,-7.554,5.9478,-1.7941,-2.6339,-0.125,0.0842
71.107,-7.5604,5.9191,-1.7848,-2.6046,-0.1225,0.0935
71.157,-7.5645,5.8998,-1.7791,-2.585,-0.1206,0.0991
71.207,-7.5685,5.8804,-1.7739,-2.5695,-0.119,0.1031
71.257,-7.5745,5.8511,-1.7669,-2.5412,-0.116,0.1099
71.308,-7.5783,5.8314,-1.7626,-2.5127,-0.1128,0.116
71.36,-7.584,5.8018,-1.7569,-2.4941,-0.1106,0.1195
71.41,-7.5877,5.7819,-1.7535,-2.4655,-0.1071,0.1245
71.461,-7.5932,5.7519,-1.7489,-2.4453,-0.1045,0.1276
71.511,-7.5968,5.7319,-1.7462,-2.415,-0.1006,0.1317
71.561,-7.6003,5.7118,-1.7439,-2.3948,-0.0979,0.1339
71.611,-7.6055,5.6816,-1.7409,-2.3686,-0.0943,0.1366
71.662,-7.609,5.6614,-1.739,-2.3498,-0.0917,0.1383
71.712,-7.6141,5.6311,-1.7365,-2.3207,-0.0876,0.1408
71.762,-7.6175,5.6108,-1.735,-2.3018,-0.0849,0.1423
71.812,-7.6208,5.5905,-1.7335,-2.2726,-0.0807,0.1445
71.862,-7.6258,5.56,-1.7316,-2.2522,-0.0777,0.1459
71.913,-7.6291,5.5396,-1.7303,-2.2215,-0.0732,0.1478
71.963,-7.6324,5.5192,-1.7293,-2.201,-0.0701,0.1489
72.014,-7.6373,5.4885,-1.7278,-2.1746,-0.0661,0.1502
72.064,-7.6405,5.468,-1.7269,-2.1556,-0.0633,0.1512
72.115,-7.6453,5.4371,-1.7255,-2.1263,-0.0588,0.1526
72.165,-7.6485,5.4166,-1.7247,-2.1057,-0.0556,0.1535
72.215,-7.6517,5.396,-1.724,-2.0764,-0.051,0.1547
72.266,-7.6565,5.3651,-1.7229,-2.0573,-0.0481,0.1555
72.316,-7.6596,5.3445,-1.7221,-2.0264,-0.0432,0.1567
72.366,-7.6643,5.3136,-1.7211,-2.0058,-0.0399,0.1574
72.416,-7.6674,5.293,-1.7205,-1.9749,-0.035,0.1585
72.467,-7.6705,5.2723,-1.72,-1.9587,-0.0324,0.159
72.517,-7.6752,5.2414,-1.7192,-1.9292,-0.0277,0.1598
72.567,-7.6783,5.2207,-1.7188,-1.9101,-0.0246,0.1604
72.617,-7.6829,5.1897,-1.7182,-1.8806,-0.0198,0.161
72.667,-7.686,5.169,-1.7179,-1.8614,-0.0167,0.1614
72.718,-7.689,5.1483,-1.7176,-1.8305,-0.0116,0.162
72.768,-7.6936,5.1172,-1.7172,-1.8098,-0.0083,0.1624
72.818,-7.6967,5.0965,-1.7169,-1.7788,-0.0032,0.1629
72.868,-7.7012,5.0655,-1.7166,-1.7522,0.0012,0.1633
72.919,-7.7043,5.0448,-1.7164,-1.733,0.0044,0.1635
72.969,-7.7073,5.024,-1.7162,-1.7035,0.0092,0.1639
73.019,-7.7118,4.9929,-1.7159,-1.6843,0.0124,0.1642
73.069,-7.7149,4.9722,-1.7157,-1.6548,0.0173,0.1645
73.12,-7.7194,4.9411,-1.7155,-1.6341,0.0207,0.1647
73.17,-7.7224,4.9204,-1.7154,-1.6031,0.0259,0.1651
73.22,-7.7255,4.8996,-1.7153,-1.5824,0.0294,0.1652
73.27,-7.73,4.8685,-1.7151,-1.5558,0.0338,0.1655
73.32,-7.733,4.8477,-1.715,-1.5366,0.037,0.1657
73.371,-7.7375,4.8166,-1.7148,-1.5071,0.042,0.1659
73.421,-7.7405,4.7958,-1.7147,-1.4864,0.0454,0.1661
73.471,-7.7435,4.7751,-1.7146,-1.4568,0.0504,0.1663
73.521,-7.748,4.7439,-1.7145,-1.4376,0.0536,0.1665
73.572,-7.751,4.7231,-1.7144,-1.4066,0.0588,0.1667
73.622,-7.754,4.7024,-1.7143,-1.3859,0.0623,0.1669
73.672,-7.7585,4.6712,-1.7142,-1.3548,0.0675,0.1671
73.722,-7.7615,4.6505,-1.7142,-1.3386,0.0703,0.1672
73.772,-7.766,4.6193,-1.7141,-1.309,0.0753,0.1674
73.822,-7.769,4.5985,-1.714,-1.2898,0.0785,0.1675
73.873,-7.772,4.5778,-1.714,-1.2602,0.0835,0.1677
73.923,-7.7765,4.5466,-1.7139,-1.241,0.0868,0.1679
73.973,-7.7795,4.5258,-1.7139,-1.21,0.092,0.168
74.023,-7.784,4.4947,-1.7139,-1.1893,0.0956,0.1681
74.074,-7.787,4.4739,-1.7138,-1.1582,0.1008,0.1683
74.124,-7.79,4.4531,-1.7138,-1.142,0.1036,0.1684
74.174,-7.7945,4.4219,-1.7138,-1.1124,0.1086,0.1685
74.224,-7.7975,4.4011,-1.7137,-1.0932,0.1119,0.1686
74.275,-7.802,4.37,-1.7137,-1.0636,0.1169,0.1687
74.325,-7.8049,4.3492,-1.7137,-1.0429,0.1204,0.1688
74.375,-7.8079,4.3284,-1.7137,-1.0134,0.1255,0.169
74.425,-7.8124,4.2972,-1.7136,-0.9927,0.129,0.1691
74.476,-7.8154,4.2765,-1.7136,-0.9616,0.1343,0.1693
74.526,-7.8199,4.2453,-1.7136,-0.9409,0.1379,0.1693
74.576,-7.8229,4.2245,-1.7136,-0.9158,0.1422,0.1694
74.626,-7.8259,4.2037,-1.7136,-0.8951,0.1457,0.1695
74.676,-7.8303,4.1725,-1.7136,-0.8655,0.1508,0.1697
74.727,-7.8333,4.1518,-1.7135,-0.8463,0.1541,0.1698
74.777,-7.8363,4.131,-1.7135,-0.8168,0.1591,0.17
74.827,-7.8408,4.0998,-1.7135,-0.7961,0.1627,0.17
74.877,-7.8438,4.079,-1.7135,-0.765,0.168,0.1702
74.928,-7.8483,4.0478,-1.7135,-0.7443,0.1716,0.1702
74.978,-7.8513,4.0271,-1.7135,-0.7177,0.1761,0.1704
75.028,-7.8542,4.0063,-1.7135,-0.6881,0.1812,0.1705
75.078,-7.8587,3.9751,-1.7135,-0.6689,0.1845,0.1705
75.128,-7.8617,3.9543,-1.7135,-0.6394,0.1896,0.1706
75.179,-7.8662,3.9231,-1.7135,-0.6202,0.1929,0.1707
75.229,-7.8692,3.9023,-1.7135,-0.5891,0.1983,0.1708
75.279,-7.8722,3.8816,-1.7135,-0.5684,0.2019,0.1709
75.329,-7.8766,3.8504,-1.7135,-0.5374,0.2072,0.171
75.379,-7.8796,3.8296,-1.7135,-0.5211,0.21,0.1711
75.43,-7.8841,3.7984,-1.7134,-0.4916,0.2151,0.1712
75.48,-7.8871,3.7776,-1.7134,-0.4723,0.2185,0.1713
75.53,-7.8901,3.7568,-1.7134,-0.4428,0.2236,0.1714
75.58,-7.8945,3.7257,-1.7134,-0.4221,0.2272,0.1714
75.63,-7.8975,3.7049,-1.7134,-0.3925,0.2323,0.1716
75.68,-7.902,3.6737,-1.7134,-0.3718,0.2359,0.1716
75.731,-7.905,3.6529,-1.7134,-0.3408,0.2412,0.1718
75.781,-7.908,3.6321,-1.7134,-0.3201,0.2448,0.1719
75.831,-7.9125,3.6009,-1.7134,-0.295,0.2492,0.172
75.881,-7.9154,3.5802,-1.7134,-0.2743,0.2528,0.172
75.932,-7.9184,3.5594,-1.7134,-0.2447,0.2579,0.1722
75.982,-7.9229,3.5282,-1.7134,-0.2255,0.2613,0.1722
76.032,-7.9259,3.5074,-1.7134,-0.196,0.2664,0.1723
76.082,-7.9304,3.4762,-1.7134,-0.1753,0.27,0.1724
76.133,-7.9334,3.4554,-1.7134,-0.1443,0.2754,0.1725
76.183,-7.9363,3.4347,-1.7134,-0.1236,0.279,0.1726
76.233,-7.9408,3.4035,-1.7134,-0.097,0.2837,0.1727
76.283,-7.9438,3.3827,-1.7134,-0.0778,0.287,0.1728
76.333,-7.9483,3.3515,-1.7134,-0.0482,0.2922,0.1729
76.384,-7.9513,3.3307,-1.7134,-0.029,0.2955,0.173
76.434,-7.9542,3.3099,-1.7134,0.0005,0.3007,0.1731
76.484,-7.9587,3.2788,-1.7134,0.0212,0.3043,0.1732
76.534,-7.9617,3.258,-1.7134,0.0523,0.3098,0.1734
76.584,-7.9662,3.2268,-1.7134,0.0729,0.3134,0.1734
76.635,-7.9692,3.206,-1.7134,0.0995,0.318,0.1736
76.685,-7.9722,3.1852,-1.7134,0.1187,0.3214,0.1737
76.736,-7.9766,3.154,-1.7134,0.1483,0.3266,0.1738
76.786,-7.9796,3.1333,-1.7134,0.169,0.3302,0.1739
76.836,-7.9841,3.1021,-1.7134,0.1985,0.3354,0.174
76.886,-7.9871,3.0813,-1.7134,0.2177,0.3388,0.1741
76.936,-7.9901,3.0605,-1.7134,0.2488,0.3442,0.1742
76.987,-7.9945,3.0293,-1.7134,0.2798,0.3497,0.1744
77.037,-7.9975,3.0085,-1.7134,0.3005,0.3534,0.1745
77.087,-8.002,2.9774,-1.7134,0.3167,0.3562,0.1745
77.137,-8.005,2.9566,-1.7134,0.3463,0.3614,0.1746
77.188,-8.008,2.9358,-1.7134,0.3758,0.3666,0.1748
77.238,-8.0124,2.9046,-1.7134,0.395,0.37,0.1749
77.288,-8.0154,2.8838,-1.7134,0.4245,0.3753,0.175
77.338,-8.0184,2.863,-1.7134,0.4452,0.3789,0.1751
77.388,-8.0229,2.8318,-1.7134,0.4659,0.3826,0.1752
77.439,-8.0259,2.8111,-1.7134,0.4969,0.3881,0.1753
77.489,-8.0304,2.7799,-1.7134,0.5235,0.3928,0.1754
77.539,-8.0333,2.7591,-1.7134,0.5427,0.3962,0.1755
77.589,-8.0363,2.7383,-1.7134,0.5722,0.4014,0.1756
77.64,-8.0408,2.7071,-1.7134,0.5914,0.4048,0.1757
77.69,-8.0438,2.6863,-1.7134,0.621,0.4101,0.1758
77.74,-8.0483,2.6552,-1.7134,0.6417,0.4137,0.1759
77.79,-8.0512,2.6344,-1.7134,0.6727,0.4193,0.1761
77.84,-8.0542,2.6136,-1.7134,0.6933,0.4229,0.1761
77.891,-8.0587,2.5824,-1.7134,0.7199,0.4277,0.1763
77.941,-8.0617,2.5616,-1.7134,0.7391,0.4311,0.1763
77.991,-8.0662,2.5304,-1.7134,0.7687,0.4363,0.1765
78.041,-8.0691,2.5096,-1.7134,0.7893,0.44,0.1765
78.092,-8.0721,2.4889,-1.7134,0.8189,0.4453,0.1766
78.142,-8.0766,2.4577,-1.7134,0.8381,0.4487,0.1767
78.192,-8.0796,2.4369,-1.7134,0.8691,0.4543,0.1768
78.242,-8.0841,2.4057,-1.7134,0.8897,0.458,0.1769
78.293,-8.0871,2.3849,-1.7134,0.9208,0.4635,0.177
78.343,-8.09,2.3641,-1.7134,0.937,0.4664,0.1771
